id,query,tipo,groundtruth,documento,ruta,pagina,chunks
1,¿Qué tipos de usuario existen en el Panel táctil 1005808 MTPE Machine DAG BR 449 y qué derechos tiene cada uno?,factual tabla,Administrador: posee todos los derechos; Ingeniero: puede modificar parámetros y ejecutar movimientos manuales; Mantenimiento: puede ejecutar movimientos manuales; Personal no autorizado: puede producir y cambiar herramientas. ,1005808 02 Panel táctil.pdf,Back Up HD CEFA\Celulas-Esac Grandes\CEL13-CELULA VAN.EA\IR Welding Machine\1005808 MTPE Machine DAG BR 449\Español\02 Manejo\1005808 02 Panel táctil.pdf,17,
2,¿Qué procedimiento debe seguirse para iniciar sesión de usuario en el Panel táctil 1005808 MTPE Machine DAG BR 449?,procedimiento,Se debe cambiar a la pantalla del sistema «Iniciar sesión de usuario» mediante el menú de navegación del panel táctil. ,1005808 02 Panel táctil.pdf,Back Up HD CEFA\Celulas-Esac Grandes\CEL13-CELULA VAN.EA\IR Welding Machine\1005808 MTPE Machine DAG BR 449\Español\02 Manejo\1005808 02 Panel táctil.pdf,5,
3,¿Qué restricción existe para el funcionamiento manual según el manual del Panel táctil 1005808 MTPE Machine DAG BR 449?,regla,El funcionamiento manual solo es posible en combinación con un interruptor de llaves encendido. ,1005808 02 Panel táctil.pdf,Back Up HD CEFA\Celulas-Esac Grandes\CEL13-CELULA VAN.EA\IR Welding Machine\1005808 MTPE Machine DAG BR 449\Español\02 Manejo\1005808 02 Panel táctil.pdf,29,
4,¿Qué función corresponde al bloque gráfico N.º 004 en el Panel táctil 1005808 MTPE Machine DAG BR 449?,factual,"El bloque gráfico N.º 004 corresponde a “Refrigeración, termorregulación, aire caliente”. ",1005808 02 Panel táctil.pdf,Back Up HD CEFA\Celulas-Esac Grandes\CEL13-CELULA VAN.EA\IR Welding Machine\1005808 MTPE Machine DAG BR 449\Español\02 Manejo\1005808 02 Panel táctil.pdf,2,
5,¿Quién es el fabricante del Panel táctil 1005806 Punching machine según la portada del manual?,factual,"El fabricante es 3CON Anlagenbau GmbH, Kleinfeld 16, 6341 Ebbs / Austria.",1005806 02 Panel táctil.pdf,Back Up HD CEFA\Celulas-Esac Grandes\CEL13-CELULA VAN.EA\Punching Machine\1005806 Punching machine DAG BR 449\Español\02 Manejo\1005806 02 Panel táctil.pdf,1,
6,¿Qué funciones puede realizar el usuario con rol “Ingeniero” en el Panel táctil 1005806 Punching machine?,factual tabla,El Ingeniero puede modificar parámetros y ejecutar movimientos manuales.,1005806 02 Panel táctil.pdf,Back Up HD CEFA\Celulas-Esac Grandes\CEL13-CELULA VAN.EA\Punching Machine\1005806 Punching machine DAG BR 449\Español\02 Manejo\1005806 02 Panel táctil.pdf,17,
7,¿Qué procedimiento debe cumplirse para utilizar el temporizador (bloque gráfico 003) en el Panel táctil 1005806 Punching machine?,procedimiento,"Para utilizar el temporizador, el equipo debe apagarse y confirmarse el conjunto de paradas de emergencia, además debe seleccionarse el tiempo de comienzo deseado (hora:minutos).",1005806 02 Panel táctil.pdf,Back Up HD CEFA\Celulas-Esac Grandes\CEL13-CELULA VAN.EA\Punching Machine\1005806 Punching machine DAG BR 449\Español\02 Manejo\1005806 02 Panel táctil.pdf,12,
8,¿Qué condición debe cumplirse para poder ejecutar el accionamiento manual de los actores (bloque gráfico 013) en el Panel táctil 1005806 Punching machine?,regla,"Deben estar activados los dispositivos de seguridad, el modo de funcionamiento manual debe estar activado y el desbloqueo de los actuadores debe estar disponible.",1005806 02 Panel táctil.pdf,Back Up HD CEFA\Celulas-Esac Grandes\CEL13-CELULA VAN.EA\Punching Machine\1005806 Punching machine DAG BR 449\Español\02 Manejo\1005806 02 Panel táctil.pdf,24,
9,¿Qué normativa regula las mediciones realizadas en la MTPE Machine DAG BR 449 según el informe DGUV?,factual,"Las mediciones se realizaron según la DGUV Vorschrift 3 y las normas DIN VDE 0413 Teil 4, DIN VDE 0100 Teil 600, DIN VDE 0100 Teil 610 y DIN VDE 0100-410.",1005808 07 DGUV.pdf,Back Up HD CEFA\Celulas-Esac Grandes\CEL13-CELULA VAN.EA\IR Welding Machine\1005808 MTPE Machine DAG BR 449\Español\01 Seguridad\1005808 07 DGUV.pdf,1.2,
10,¿Qué procedimiento de medición de aislamiento se aplica en la MTPE Machine DAG BR 449 y cuál es la tensión de prueba utilizada?,procedimiento,"Se realiza una medición de aislamiento con una tensión de prueba de 500V y se exige para Schutzklasse I >0,3MΩ (con elementos calefactores), >1MΩ (sin elementos calefactores) y >2MΩ para partes conductoras accesibles sin conexión SL.",1005808 07 DGUV.pdf,Back Up HD CEFA\Celulas-Esac Grandes\CEL13-CELULA VAN.EA\IR Welding Machine\1005808 MTPE Machine DAG BR 449\Español\01 Seguridad\1005808 07 DGUV.pdf,8,
11,¿Qué valores de tensión se midieron entre L1-L2 y L1-N en la alimentación principal (Hauptschalter) de la MTPE Machine DAG BR 449?,factual tabla,Entre L1-L2 se midieron 395 V y entre L1-N se midieron 228 V.,1005808 07 DGUV.pdf,Back Up HD CEFA\Celulas-Esac Grandes\CEL13-CELULA VAN.EA\IR Welding Machine\1005808 MTPE Machine DAG BR 449\Español\01 Seguridad\1005808 07 DGUV.pdf,16,
12,¿Qué condición debe cumplirse para que la medición FI en la MTPE Machine DAG BR 449 sea conforme?,regla,El interruptor FI debe disparar con un tiempo de disparo aproximado de 40 ms y con una corriente de disparo inferior a 30 mA. ,1005808 07 DGUV.pdf,Back Up HD CEFA\Celulas-Esac Grandes\CEL13-CELULA VAN.EA\IR Welding Machine\1005808 MTPE Machine DAG BR 449\Español\01 Seguridad\1005808 07 DGUV.pdf,15,
13,¿Qué advertencia general debe cumplirse antes de realizar cualquier tarea de mantenimiento en la MTPE Machine DAG BR 449?,regla,"Antes de llevar a cabo ninguna tarea de mantenimiento, deben leerse atentamente los datos de los puntos de mantenimiento. ",1005808 01 Plan de mantenimiento.pdf,Back Up HD CEFA\Celulas-Esac Grandes\CEL13-CELULA VAN.EA\IR Welding Machine\1005808 MTPE Machine DAG BR 449\Español\03 Mantenimiento\1005808 01 Plan de mantenimiento.pdf,3,
14,¿Qué procedimiento debe seguirse para asegurar la instalación frente a una reconexión durante tareas de mantenimiento en la MTPE Machine DAG BR 449?,procedimiento,"Debe señalizarse y cerrarse la instalación con avisos de mantenimiento, colocar advertencia en el interruptor principal, interrumpir el circuito de seguridad y asegurarlo frente a un cierre, además de cerrar y despresurizar la conexión de aire comprimido.",1005808 01 Plan de mantenimiento.pdf,Back Up HD CEFA\Celulas-Esac Grandes\CEL13-CELULA VAN.EA\IR Welding Machine\1005808 MTPE Machine DAG BR 449\Español\03 Mantenimiento\1005808 01 Plan de mantenimiento.pdf,5,
15,¿Qué intervalo de mantenimiento se establece para la comprobación de daños y suciedad general (A01) en la MTPE Machine DAG BR 449?,factual tabla,La comprobación de daños y suciedad general (A01) debe realizarse 1 vez al día o después de 24 horas de servicio. ,1005808 01 Plan de mantenimiento.pdf,Back Up HD CEFA\Celulas-Esac Grandes\CEL13-CELULA VAN.EA\IR Welding Machine\1005808 MTPE Machine DAG BR 449\Español\03 Mantenimiento\1005808 01 Plan de mantenimiento.pdf,9,
16,¿Qué requisito debe cumplirse al limpiar el panel táctil de la MTPE Machine DAG BR 449?,procedimiento,Debe utilizarse la función «arrancar pantalla de limpieza» en los ajustes de sistema del panel táctil antes de realizar la limpieza.,1005808 01 Plan de mantenimiento.pdf,Back Up HD CEFA\Celulas-Esac Grandes\CEL13-CELULA VAN.EA\IR Welding Machine\1005808 MTPE Machine DAG BR 449\Español\03 Mantenimiento\1005808 01 Plan de mantenimiento.pdf,21,
17,¿Cuál es el valor total del equipo indicado en la lista de piezas de recambio de la MTPE Machine DAG BR 449?,factual,"El valor total del equipo es 2.730.000,00 €. ",1005808 01 Lista de piezas de recambio.pdf,Back Up HD CEFA\Celulas-Esac Grandes\CEL13-CELULA VAN.EA\IR Welding Machine\1005808 MTPE Machine DAG BR 449\Español\04 Piezas de recambio\1005808 01 Lista de piezas de recambio.pdf,1,
18,¿Qué prioridad y fabricante tiene el “Deep groove ball bearing Di30 Da62 B16” en la MTPE Machine DAG BR 449?,factual tabla,El fabricante es FAG y la prioridad es A (HIGH). ,1005808 01 Lista de piezas de recambio.pdf,Back Up HD CEFA\Celulas-Esac Grandes\CEL13-CELULA VAN.EA\IR Welding Machine\1005808 MTPE Machine DAG BR 449\Español\04 Piezas de recambio\1005808 01 Lista de piezas de recambio.pdf,2,
19,¿Qué procedimiento administrativo se indica respecto a la validez de precios en la lista de recambios de la MTPE Machine DAG BR 449?,regla,La validez del precio es de hasta 3 meses después de la emisión. ,1005808 01 Lista de piezas de recambio.pdf,Back Up HD CEFA\Celulas-Esac Grandes\CEL13-CELULA VAN.EA\IR Welding Machine\1005808 MTPE Machine DAG BR 449\Español\04 Piezas de recambio\1005808 01 Lista de piezas de recambio.pdf,2,
20,¿Qué precio unitario tiene la CPU SIMATIC S7-1500F (6ES7517-3FP00-0AB0) en la MTPE Machine DAG BR 449?,factual,"El precio unitario recomendado es 7.017,82 €. ",1005808 01 Lista de piezas de recambio.pdf,Back Up HD CEFA\Celulas-Esac Grandes\CEL13-CELULA VAN.EA\IR Welding Machine\1005808 MTPE Machine DAG BR 449\Español\04 Piezas de recambio\1005808 01 Lista de piezas de recambio.pdf,3,
21,¿Qué tensión se midió entre L2-L3 en la alimentación del interruptor principal (main switch) de la BR 449_IP_VAC+ESL_MTP_250-50_with vacuum kit?,factual tabla,La tensión medida entre L2-L3 es 396 V.,1005796 07 DGUV.pdf,Back Up HD CEFA\Celulas-Esac Grandes\CEL13-CELULA VAN.EA\Lamination Machine\1005796 MTP Machine DAG BR 449\English\01 Safety\1005796 07 DGUV.pdf,20,
22,¿Qué procedimiento de medición de aislamiento se aplica en la BR 449_IP_VAC+ESL_MTP_250-50_with vacuum kit y cuál es la tensión de prueba utilizada?,procedimiento,"Se realiza una medición de aislamiento con una tensión de prueba de 500 V, con valores mínimos exigidos según la clase de protección (Schutzklasse I >0,3MΩ con elementos calefactores, >1MΩ sin elementos calefactores, >2MΩ para partes conductoras accesibles sin conexión SL, Schutzklasse II >2,0MΩ).  ",1005796 07 DGUV.pdf,Back Up HD CEFA\Celulas-Esac Grandes\CEL13-CELULA VAN.EA\Lamination Machine\1005796 MTP Machine DAG BR 449\English\01 Safety\1005796 07 DGUV.pdf,8,
23,¿Qué valor máximo de corriente L-PE se registró para la fase L2 en el interruptor principal (main switch) de la BR 449_IP_VAC+ESL_MTP_250-50_with vacuum kit?,factual tabla,Para la fase L2 del Hauptschalter se registró 4600 A (L-PE).,1005796 07 DGUV.pdf,Back Up HD CEFA\Celulas-Esac Grandes\CEL13-CELULA VAN.EA\Lamination Machine\1005796 MTP Machine DAG BR 449\English\01 Safety\1005796 07 DGUV.pdf,23,
24,¿Qué condición debe cumplirse para que el interruptor diferencial (RCD) sea conforme en la BR 449_IP_VAC+ESL_MTP_250-50_with vacuum kit?,regla,El interruptor FI debe disparar con un tiempo aproximado de 40 ms y con una corriente de disparo inferior a 30 mA.,1005796 07 DGUV.pdf,Back Up HD CEFA\Celulas-Esac Grandes\CEL13-CELULA VAN.EA\Lamination Machine\1005796 MTP Machine DAG BR 449\English\01 Safety\1005796 07 DGUV.pdf,19,
25,¿Qué tipos de mediciones se documentan en el informe DGUV de la BR 449_IP lower center cover+Glove box_LHD_VAC_TOOL_1+0_1+0?,factual tabla,"Se documentan: 1.) Niederohmmessung nach DIN VDE 0413 Teil 4 y Schutzleitermessungsdokumentation nach DIN VDE 0100 Teil 600, 2.) Isolationsmessung nach DIN VDE 0100 Teil 610, 3.) Profinetmessung, 4.) Offene Punkte.",1005797 04 DGUV.pdf,Back Up HD CEFA\Celulas-Esac Grandes\CEL13-CELULA VAN.EA\Lamination Machine\1005797 Vacuum tool DAG BR 449\Español\01 Seguridad\1005797 04 DGUV.pdf,2,
26,¿Qué procedimiento de medición de aislamiento se aplica en la BR 449_IP lower center cover+Glove box_LHD_VAC_TOOL_1+0_1+0 y cuál es la tensión de prueba utilizada?,procedimiento,"Isolationsmessung: Prüfspannung 500V, Schutzklasse I – > 0,3MΩ (mit Heizelementen), Schutzklasse I – > 1MΩ (ohne Heizelementen), > 2MΩ (berührbare, leitfähige Teile ohne SL-Anschluss), Schutzklasse II >2,0MΩ.  ",1005797 04 DGUV.pdf,Back Up HD CEFA\Celulas-Esac Grandes\CEL13-CELULA VAN.EA\Lamination Machine\1005797 Vacuum tool DAG BR 449\Español\01 Seguridad\1005797 04 DGUV.pdf,5,
27,¿Qué valor máximo permitido se indica para la medición de baja resistencia (protective conductor continuity) en la BR 449_IP lower center cover+Glove box_LHD_VAC_TOOL_1+0_1+0?,regla,"Los valores medidos deben ser < 0,10 OHM.  ",1005797 04 DGUV.pdf,Back Up HD CEFA\Celulas-Esac Grandes\CEL13-CELULA VAN.EA\Lamination Machine\1005797 Vacuum tool DAG BR 449\Español\01 Seguridad\1005797 04 DGUV.pdf,3,
28,¿Qué instrumento de medición se utilizó para la prueba de red industrial (Profinet) en la BR 449_IP lower center cover+Glove box_LHD_VAC_TOOL_1+0_1+0?,factual,Se utilizó el equipo de medición WIREEXPERT 4500. ,1005797 04 DGUV.pdf,Back Up HD CEFA\Celulas-Esac Grandes\CEL13-CELULA VAN.EA\Lamination Machine\1005797 Vacuum tool DAG BR 449\Español\01 Seguridad\1005797 04 DGUV.pdf,6,
29,¿Qué tipo de cable y fabricante se utilizaron en la conexión Profinet de la BR 449_IP lower center cover+Glove box_LHD_VAC_TOOL_1+0_1+0?,factual,Kabelbezeichnung: lapp etherline 2170894; Steckername: siemens.,1005797 05 Profinet.pdf,Back Up HD CEFA\Celulas-Esac Grandes\CEL13-CELULA VAN.EA\Lamination Machine\1005797 Vacuum tool DAG BR 449\Español\01 Seguridad\1005797 05 Profinet.pdf,1,
30,¿Qué longitud y tiempo de propagación se registraron en la primera línea Profinet de la BR 449_IP lower center cover+Glove box_LHD_VAC_TOOL_1+0_1+0?,factual tabla,"Länge (m): 4,3; Laufzeit (ns): 22,0. ",1005797 05 Profinet.pdf,Back Up HD CEFA\Celulas-Esac Grandes\CEL13-CELULA VAN.EA\Lamination Machine\1005797 Vacuum tool DAG BR 449\Español\01 Seguridad\1005797 05 Profinet.pdf,1,
31,¿Qué procedimiento de verificación se realizó para la certificación de la red Profinet en la BR 449_IP lower center cover+Glove box_LHD_VAC_TOOL_1+0_1+0?,procedimiento,"Se realizó un Zertifizierungsbericht de Kupfer-Verkabelung con pruebas de Verdrahtung, Einfügedämpfung, Rückflussdämpfung, NEXT, ACR-F y ACR-N, todas con resultado “Bestanden”.",1005797 05 Profinet.pdf,Back Up HD CEFA\Celulas-Esac Grandes\CEL13-CELULA VAN.EA\Lamination Machine\1005797 Vacuum tool DAG BR 449\Español\01 Seguridad\1005797 05 Profinet.pdf,1.2,
32,¿Qué estándar de cableado se utilizó en la conexión Profinet de la BR 449_IP lower center cover+Glove box_LHD_VAC_TOOL_1+0_1+0?,regla,Verdrahtung: T568B.  ,1005797 05 Profinet.pdf,Back Up HD CEFA\Celulas-Esac Grandes\CEL13-CELULA VAN.EA\Lamination Machine\1005797 Vacuum tool DAG BR 449\Español\01 Seguridad\1005797 05 Profinet.pdf,1,
33,¿Qué advertencia general debe cumplirse antes de realizar cualquier tarea de mantenimiento en la BR 449_IP lower center cover+Glove box_LHD_VAC_TOOL_1+0_1+0?,regla,"¡Antes de llevar a cabo ninguna tarea de mantenimiento, lea atentamente los datos de los puntos de mantenimiento! ",1005797 01 Plan de mantenimiento.pdf,Back Up HD CEFA\Celulas-Esac Grandes\CEL13-CELULA VAN.EA\Lamination Machine\1005797 Vacuum tool DAG BR 449\Español\03 Mantenimiento\1005797 01 Plan de mantenimiento.pdf,3,
34,¿Qué procedimiento debe seguirse para asegurar la instalación frente a una reconexión durante tareas de mantenimiento en la BR 449_IP lower center cover+Glove box_LHD_VAC_TOOL_1+0_1+0?,procedimiento,Señalice y cierre la instalación antes de las tareas de reparación («¡La instalación se encuentra en mantenimiento!» / «¡Entrada prohibida a personal no autorizado!»); coloque una advertencia en el interruptor principal; interrumpa el circuito de seguridad y asegúrelo frente a un cierre; cierre y despresurice la conexión de aire comprimido.,1005797 01 Plan de mantenimiento.pdf,Back Up HD CEFA\Celulas-Esac Grandes\CEL13-CELULA VAN.EA\Lamination Machine\1005797 Vacuum tool DAG BR 449\Español\03 Mantenimiento\1005797 01 Plan de mantenimiento.pdf,5,
35,¿Cuál es el intervalo de mantenimiento para la comprobación del afilamiento de las cuchillas en la BR 449_IP lower center cover+Glove box_LHD_VAC_TOOL_1+0_1+0?,factual tabla,1 vez a la semana o después de 160 horas de servicio.  ,1005797 01 Plan de mantenimiento.pdf,Back Up HD CEFA\Celulas-Esac Grandes\CEL13-CELULA VAN.EA\Lamination Machine\1005797 Vacuum tool DAG BR 449\Español\03 Mantenimiento\1005797 01 Plan de mantenimiento.pdf,13.14,
36,¿Qué par de apriete corresponde a un tornillo M12 con hexágono interno (clase 8.8) en la BR 449_IP lower center cover+Glove box_LHD_VAC_TOOL_1+0_1+0?,factual tabla,M12 = 80 Nm.  ,1005797 01 Plan de mantenimiento.pdf,Back Up HD CEFA\Celulas-Esac Grandes\CEL13-CELULA VAN.EA\Lamination Machine\1005797 Vacuum tool DAG BR 449\Español\03 Mantenimiento\1005797 01 Plan de mantenimiento.pdf,12,
37,¿Cuál es el valor total del equipo indicado en la lista de piezas de recambio de la BR 449_IP lower center cover+Glove box_LHD_VAC_TOOL_1+0_1+0?,factual,"Total Equipment value = 2.730.000,00 €  ",1005797 01 Lista de piezas de recambio.pdf,Back Up HD CEFA\Celulas-Esac Grandes\CEL13-CELULA VAN.EA\Lamination Machine\1005797 Vacuum tool DAG BR 449\Español\04 Piezas de recambio\1005797 01 Lista de piezas de recambio.pdf,1,
38,¿Qué fabricante y precio unitario tiene la unidad central de procesamiento SIMATIC S7-1500F (6ES7517-3FP00-0AB0) en la BR 449_IP lower center cover+Glove box_LHD_VAC_TOOL_1+0_1+0?,factual tabla,"3 Siemens A 50 6ES7517-3FP00-0AB0 7.017,82 € 1 7.017,82 € ",1005797 01 Lista de piezas de recambio.pdf,Back Up HD CEFA\Celulas-Esac Grandes\CEL13-CELULA VAN.EA\Lamination Machine\1005797 Vacuum tool DAG BR 449\Español\04 Piezas de recambio\1005797 01 Lista de piezas de recambio.pdf,2.3,
39,¿Qué prioridad tiene el “Deep groove ball bearing Di30 Da62 B16” en la BR 449_IP lower center cover+Glove box_LHD_VAC_TOOL_1+0_1+0?,factual tabla,"FAG A 50 6206-C-2HRS-L038 13,07 € 4 52,28 € ",1005797 01 Lista de piezas de recambio.pdf,Back Up HD CEFA\Celulas-Esac Grandes\CEL13-CELULA VAN.EA\Lamination Machine\1005797 Vacuum tool DAG BR 449\Español\04 Piezas de recambio\1005797 01 Lista de piezas de recambio.pdf,2,
40,¿Qué condición se establece respecto a la validez de los precios en la lista de piezas de recambio de la BR 449_IP lower center cover+Glove box_LHD_VAC_TOOL_1+0_1+0?,regla,Price validity: up to 3 months after issue,1005797 01 Lista de piezas de recambio.pdf,Back Up HD CEFA\Celulas-Esac Grandes\CEL13-CELULA VAN.EA\Lamination Machine\1005797 Vacuum tool DAG BR 449\Español\04 Piezas de recambio\1005797 01 Lista de piezas de recambio.pdf,3,
41,¿Qué tipos de pruebas se documentan en el informe DGUV de la BR 449_IP top pad_LHD/RHD_ITG_TOOL_1_1?,factual tabla,1.) Niederohmmessung nach DIN VDE 0413 Teil 4 und Schutzleitermessungsdokumentation nach DIN VDE 0100 Teil 600  2.) Isolationsmessung nach DIN VDE 0100 Teil 610  3.) Profinetmessung  4.) Offene Punkte,1005799 04 DGUV.pdf,Back Up HD CEFA\Celulas-Esac Grandes\CEL13-CELULA VAN.EA\Lamination Machine\1005799 ITG Laminating tool DAG BR 449\Español\01 Seguridad\1005799 04 DGUV.pdf,2,
42,¿Qué valor máximo permitido se indica para la medición de continuidad del conductor de protección en la BR 449_IP top pad_LHD/RHD_ITG_TOOL_1_1?,regla,Messwerte in OHM: < 0.10,1005799 04 DGUV.pdf,Back Up HD CEFA\Celulas-Esac Grandes\CEL13-CELULA VAN.EA\Lamination Machine\1005799 ITG Laminating tool DAG BR 449\Español\01 Seguridad\1005799 04 DGUV.pdf,3.4,
43,¿Qué tensión de prueba se utiliza en la medición de aislamiento de la BR 449_IP top pad_LHD/RHD_ITG_TOOL_1_1?,factual,Prüfspannung 500V,1005799 04 DGUV.pdf,Back Up HD CEFA\Celulas-Esac Grandes\CEL13-CELULA VAN.EA\Lamination Machine\1005799 ITG Laminating tool DAG BR 449\Español\01 Seguridad\1005799 04 DGUV.pdf,5,
44,¿Qué instrumento de medición se utilizó para la prueba de red industrial en la BR 449_IP top pad_LHD/RHD_ITG_TOOL_1_1?,factual,Messgerät: WIREEXPERT 4500,1005799 04 DGUV.pdf,Back Up HD CEFA\Celulas-Esac Grandes\CEL13-CELULA VAN.EA\Lamination Machine\1005799 ITG Laminating tool DAG BR 449\Español\01 Seguridad\1005799 04 DGUV.pdf,8,
45,¿Qué longitud y tiempo de propagación se registraron en la primera línea Profinet de la BR 449_IP top pad_LHD/RHD_ITG_TOOL_1_1?,factual tabla,"Länge (m): 2,3; Laufzeit (ns): 12,0.",1005799 05 Profinet.pdf,Back Up HD CEFA\Celulas-Esac Grandes\CEL13-CELULA VAN.EA\Lamination Machine\1005799 ITG Laminating tool DAG BR 449\Español\01 Seguridad\1005799 05 Profinet.pdf,1,
46,¿Qué estándar de cableado se utilizó en la conexión Profinet de la BR 449_IP top pad_LHD/RHD_ITG_TOOL_1_1?,regla,Verdrahtung: T568B,1005799 05 Profinet.pdf,Back Up HD CEFA\Celulas-Esac Grandes\CEL13-CELULA VAN.EA\Lamination Machine\1005799 ITG Laminating tool DAG BR 449\Español\01 Seguridad\1005799 05 Profinet.pdf,1,
47,¿Qué tipo de cable y fabricante del conector se emplearon en la red Profinet de la BR 449_IP top pad_LHD/RHD_ITG_TOOL_1_1?,factual,Kabelbezeichnung: lapp etherline 2170894; Steckername: siemens ,1005799 05 Profinet.pdf,Back Up HD CEFA\Celulas-Esac Grandes\CEL13-CELULA VAN.EA\Lamination Machine\1005799 ITG Laminating tool DAG BR 449\Español\01 Seguridad\1005799 05 Profinet.pdf,1,
48,¿Qué longitud y tiempo de propagación se registraron en la segunda línea Profinet de la BR 449_IP top pad_LHD/RHD_ITG_TOOL_1_1?,factual tabla,"Länge (m): 2,9; Laufzeit (ns): 15,0.",1005799 05 Profinet.pdf,Back Up HD CEFA\Celulas-Esac Grandes\CEL13-CELULA VAN.EA\Lamination Machine\1005799 ITG Laminating tool DAG BR 449\Español\01 Seguridad\1005799 05 Profinet.pdf,2,
49,¿Qué advertencia general debe cumplirse antes de realizar cualquier tarea de mantenimiento en la BR 449_IP top pad_LHD/RHD_ITG_TOOL_1_1?,regla,"¡Antes de llevar a cabo ninguna tarea de mantenimiento, lea atentamente los datos de los puntos de mantenimiento!",1005799 01 Plan de mantenimiento.pdf,Back Up HD CEFA\Celulas-Esac Grandes\CEL13-CELULA VAN.EA\Lamination Machine\1005799 ITG Laminating tool DAG BR 449\Español\03 Mantenimiento\1005799 01 Plan de mantenimiento.pdf,2,
50,¿Cuál es el intervalo de mantenimiento para la comprobación de las uniones atornilladas (04.01.001) en la BR 449_IP top pad_LHD/RHD_ITG_TOOL_1_1?,factual tabla,1 vez a la semana o después de 160 horas de servicio ,1005799 01 Plan de mantenimiento.pdf,Back Up HD CEFA\Celulas-Esac Grandes\CEL13-CELULA VAN.EA\Lamination Machine\1005799 ITG Laminating tool DAG BR 449\Español\03 Mantenimiento\1005799 01 Plan de mantenimiento.pdf,9,
51,¿Qué par de apriete corresponde a un tornillo M16 con hexágono interno (clase 8.8) en la BR 449_IP top pad_LHD/RHD_ITG_TOOL_1_1?,factual tabla,M16 = 195 Nm,1005799 01 Plan de mantenimiento.pdf,Back Up HD CEFA\Celulas-Esac Grandes\CEL13-CELULA VAN.EA\Lamination Machine\1005799 ITG Laminating tool DAG BR 449\Español\03 Mantenimiento\1005799 01 Plan de mantenimiento.pdf,10,
52,¿Qué procedimiento debe seguirse para la lubricación del casquillo guía (04.07.002) en la BR 449_IP top pad_LHD/RHD_ITG_TOOL_1_1?,procedimiento,"Lubricación del casquillo guía a mano por medio de una brocha o una boquilla de engrase y una pistola engrasadora. Antes de la utilización de una pistola de engrase, deben limpiarse de forma exhaustiva tanto la pistola de engrase como los puntos de lubricación ",1005799 01 Plan de mantenimiento.pdf,Back Up HD CEFA\Celulas-Esac Grandes\CEL13-CELULA VAN.EA\Lamination Machine\1005799 ITG Laminating tool DAG BR 449\Español\03 Mantenimiento\1005799 01 Plan de mantenimiento.pdf,14,
53,¿Cuál es el valor total del equipo indicado en la lista de piezas de recambio de la BR 449_IP top pad_LHD/RHD_ITG_TOOL_1_1?,factual,"Total Equipment value = 2.730.000,00 €",1005799 01 Lista de piezas de recambio.pdf,Back Up HD CEFA\Celulas-Esac Grandes\CEL13-CELULA VAN.EA\Lamination Machine\1005799 ITG Laminating tool DAG BR 449\Español\04 Piezas de recambio\1005799 01 Lista de piezas de recambio.pdf,1,
54,¿Qué fabricante y precio unitario tiene la unidad central de procesamiento SIMATIC S7-1500F (6ES7517-3FP00-0AB0) en la BR 449_IP top pad_LHD/RHD_ITG_TOOL_1_1?,factual tabla,"Siemens A 50 6ES7517-3FP00-0AB0 7.017,82 €",1005799 01 Lista de piezas de recambio.pdf,Back Up HD CEFA\Celulas-Esac Grandes\CEL13-CELULA VAN.EA\Lamination Machine\1005799 ITG Laminating tool DAG BR 449\Español\04 Piezas de recambio\1005799 01 Lista de piezas de recambio.pdf,3,
55,¿Qué prioridad tiene el “Deep groove ball bearing Di30 Da62 B16” en la BR 449_IP top pad_LHD/RHD_ITG_TOOL_1_1?,factual tabla,"FAG A 50 6206-C-2HRS-L038 13,07 € 4 52,28 €",1005799 01 Lista de piezas de recambio.pdf,Back Up HD CEFA\Celulas-Esac Grandes\CEL13-CELULA VAN.EA\Lamination Machine\1005799 ITG Laminating tool DAG BR 449\Español\04 Piezas de recambio\1005799 01 Lista de piezas de recambio.pdf,2,
56,¿Qué condición se establece respecto a la validez de los precios en la lista de piezas de recambio de la BR 449_IP top pad_LHD/RHD_ITG_TOOL_1_1?,regla,Price validity: up to 3 months after issue,1005799 01 Lista de piezas de recambio.pdf,Back Up HD CEFA\Celulas-Esac Grandes\CEL13-CELULA VAN.EA\Lamination Machine\1005799 ITG Laminating tool DAG BR 449\Español\04 Piezas de recambio\1005799 01 Lista de piezas de recambio.pdf,2,
57,¿Cuál es la tensión nominal y la frecuencia eléctrica del armario de control documentado por FERRO Technik GmbH?,factual,Rated voltage: 3x400V+N+PE TN-S ; Frequency: 50HZ,Electrical documentation Control cabinet_engl.pdf,Back Up HD CEFA\Celulas-Esac Grandes\CEL13-CELULA VAN.EA\LASER TROTEC\Electrical documentation Control cabinet_engl.pdf,1,
58,¿Qué clase de protección y qué potencia nominal tiene el armario de control del proyecto Small control cabinet?,factual,"Prot. class: IP 54 ; Rated power / rated current: 9,5kW / 25A",Electrical documentation Control cabinet_engl.pdf,Back Up HD CEFA\Celulas-Esac Grandes\CEL13-CELULA VAN.EA\LASER TROTEC\Electrical documentation Control cabinet_engl.pdf,1,
59,¿Qué procedimiento de señalización utiliza la interfaz D-Sub para indicar el estado “In operation”?,,Outputsignal for operation of converters: High 24VDC: Converter 1+2 in operation ; Low 0VDC: converter 1+2 standby,Electrical documentation Control cabinet_engl.pdf,Back Up HD CEFA\Celulas-Esac Grandes\CEL13-CELULA VAN.EA\LASER TROTEC\Electrical documentation Control cabinet_engl.pdf,13,
60,,procedimiento,,,,,
61,¿Cuál es el uso previsto de la SP3000 máquina láser Trotec?,regla,"La máquina descrita en este manual está concebida exclusivamente para el corte, gravado y marcado láser de no-metal y material de acuerdo con el uso previsto de la máquina utilizando el software suministrado.",Manual de instrucciones SP3000.pdf,Back Up HD CEFA\Celulas-Esac Grandes\CEL13-CELULA VAN.EA\LASER TROTEC\Manual de instrucciones SP3000.pdf,11,
62,¿Qué procedimiento debe seguir el operador en caso de incendio durante el uso de la SP3000 máquina láser Trotec?,procedimiento,En caso de incendio: Utilice solo extintor de incendios de CO2 para apagar el fuego en la medida en que sea posible sin dañarse usted a usted mismo. ,Manual de instrucciones SP3000.pdf,Back Up HD CEFA\Celulas-Esac Grandes\CEL13-CELULA VAN.EA\LASER TROTEC\Manual de instrucciones SP3000.pdf,25,
63,¿Cuál es el área de trabajo máxima de la SP3000 máquina láser Trotec según los datos técnicos?,factual tabla,Área de trabajo 2.210 x 3.210 mm (87 x 126 pulg),Manual de instrucciones SP3000.pdf,Back Up HD CEFA\Celulas-Esac Grandes\CEL13-CELULA VAN.EA\LASER TROTEC\Manual de instrucciones SP3000.pdf,31,
64,¿Qué clase de láser tiene la SP3000 máquina láser Trotec durante el funcionamiento normal?,factual,SP3000 máquina láser Clase 2 (EE.UU.: clase II) en el área de trabajo y en el rango de manejo ,Manual de instrucciones SP3000.pdf,Back Up HD CEFA\Celulas-Esac Grandes\CEL13-CELULA VAN.EA\LASER TROTEC\Manual de instrucciones SP3000.pdf,14,
65,¿Qué tipo de alimentación eléctrica recibe la SP3000 máquina láser Trotec según el esquema AC-Supply?,factual,Einspeisung: 3x 400V AC +N +PE 50/60Hz ,SP3000_C400_Rev1.pdf,Back Up HD CEFA\Celulas-Esac Grandes\CEL13-CELULA VAN.EA\LASER TROTEC\SP3000_C400_Rev1.pdf,8,
66,¿Qué procedimiento de seguridad está conectado al módulo de interlock en la electrónica de alimentación DC de la SP3000 máquina láser Trotec?,procedimiento,INTERLOCK – PNOZ S7 24VDC PILZ.750 107 ,SP3000_C400_Rev1.pdf,Back Up HD CEFA\Celulas-Esac Grandes\CEL13-CELULA VAN.EA\LASER TROTEC\SP3000_C400_Rev1.pdf,11,
67,¿Qué interfaz de comunicación se utiliza para la conexión de red del láser Synrad i401 en la SP3000 máquina láser Trotec?,factual,RJ-45 ( J8 ) LAN-Interface ,SP3000_C400_Rev1.pdf,Back Up HD CEFA\Celulas-Esac Grandes\CEL13-CELULA VAN.EA\LASER TROTEC\SP3000_C400_Rev1.pdf,15,
68,¿Qué regla define la señal Laser-Active-out en la fuente láser Synrad i401 de la SP3000 máquina láser Trotec?,regla,Laser-Active-out ,SP3000_C400_Rev1.pdf,Back Up HD CEFA\Celulas-Esac Grandes\CEL13-CELULA VAN.EA\LASER TROTEC\SP3000_C400_Rev1.pdf,15,
69,¿Qué tipos de mediciones se documentan en el informe DGUV de la SE210 Glovebox WELD MTP 180-32 TT?,factual tabla,1.) Niederohmmessung nach DIN VDE 0413 Teil 4 und Schutzleitermessungsdokumentation nach DIN VDE 0100 Teil 600  2.) Isolationsmessung nach DIN VDE 0100 Teil 610  3.) FI Messung nach DIN VDE 0100-410  4.) Spannungsmessung  5.) Drehfeld- und Schleifenmessung  6.) 24VDC Strom- und Spannungmessung  7.) Profinetmessung ,1005806 07 DGUV.pdf,Back Up HD CEFA\Celulas-Esac Grandes\CEL13-CELULA VAN.EA\Punching Machine\1005806 Punching machine DAG BR 449\Español\01 Seguridad\1005806 07 DGUV.pdf,2,
70,¿Qué tensión se midió entre L1-L2 en la alimentación principal del interruptor principal de la SE210 Glovebox WELD MTP 180-32 TT?,factual tabla,"L1-L2 399,7 ",1005806 07 DGUV.pdf,Back Up HD CEFA\Celulas-Esac Grandes\CEL13-CELULA VAN.EA\Punching Machine\1005806 Punching machine DAG BR 449\Español\01 Seguridad\1005806 07 DGUV.pdf,9,
71,¿Qué procedimiento de medición de aislamiento se aplica y cuál es la tensión de prueba utilizada en la SE210 Glovebox WELD MTP 180-32 TT?,procedimiento,"Isolationsmessung Prüfspannung 500V Schutzklasse I – > 0,3MΩ (mit Heizelementen) Schutzklasse I – > 1MΩ (ohne Heizelementen) > 2MΩ Schutzklasse II >2,0MΩ ",1005806 07 DGUV.pdf,Back Up HD CEFA\Celulas-Esac Grandes\CEL13-CELULA VAN.EA\Punching Machine\1005806 Punching machine DAG BR 449\Español\01 Seguridad\1005806 07 DGUV.pdf,6,
72,¿Qué condición debe cumplirse para la medición del interruptor diferencial (RCD) en la SE210 Glovebox WELD MTP 180-32 TT?,regla,FI Messung Auslösezeit ~40ms Auslösestrom <30mA ,1005806 07 DGUV.pdf,Back Up HD CEFA\Celulas-Esac Grandes\CEL13-CELULA VAN.EA\Punching Machine\1005806 Punching machine DAG BR 449\Español\01 Seguridad\1005806 07 DGUV.pdf,8,
73,¿Qué advertencia general debe cumplirse antes de realizar cualquier tarea de mantenimiento en la SE210 Glovebox WELD MTP 180-32 TT?,regla,"¡Antes de llevar a cabo ninguna tarea de mantenimiento, lea atentamente los datos de los puntos de mantenimiento! ",1005806 01 Plan de mantenimiento.pdf,Back Up HD CEFA\Celulas-Esac Grandes\CEL13-CELULA VAN.EA\Punching Machine\1005806 Punching machine DAG BR 449\Español\03 Mantenimiento\1005806 01 Plan de mantenimiento.pdf,3,
74,¿Qué procedimiento debe seguirse para evitar la reconexión accidental durante el mantenimiento de la SE210 Glovebox WELD MTP 180-32 TT?,procedimiento,Señalice y cierre la instalación; coloque advertencia en el interruptor principal; interrumpa el circuito de seguridad y asegúrelo frente a un cierre; cierre y despresurice la conexión de aire comprimido. ,1005806 01 Plan de mantenimiento.pdf,Back Up HD CEFA\Celulas-Esac Grandes\CEL13-CELULA VAN.EA\Punching Machine\1005806 Punching machine DAG BR 449\Español\03 Mantenimiento\1005806 01 Plan de mantenimiento.pdf,5,
75,¿Cuál es el intervalo de mantenimiento para la comprobación de daños y suciedad general en la SE210 Glovebox WELD MTP 180-32 TT?,factual tabla,1 vez al día o después de 24 horas de servicio ,1005806 01 Plan de mantenimiento.pdf,Back Up HD CEFA\Celulas-Esac Grandes\CEL13-CELULA VAN.EA\Punching Machine\1005806 Punching machine DAG BR 449\Español\03 Mantenimiento\1005806 01 Plan de mantenimiento.pdf,9,
76,¿Qué par de apriete corresponde a un tornillo M20 (clase 8.8) en la SE210 Glovebox WELD MTP 180-32 TT?,factual tabla,M20 = 385 Nm ,1005806 01 Plan de mantenimiento.pdf,Back Up HD CEFA\Celulas-Esac Grandes\CEL13-CELULA VAN.EA\Punching Machine\1005806 Punching machine DAG BR 449\Español\03 Mantenimiento\1005806 01 Plan de mantenimiento.pdf,24,
77,¿Cuál es el valor total del equipo indicado en la lista de piezas de recambio de la SE210 Glovebox WELD MTP 180-32 TT?,factual,"Total Equipment value = 2.730.000,00 € ",1005806 01 Lista de piezas de recambio.pdf,Back Up HD CEFA\Celulas-Esac Grandes\CEL13-CELULA VAN.EA\Punching Machine\1005806 Punching machine DAG BR 449\Español\04 Piezas de recambio\1005806 01 Lista de piezas de recambio.pdf,1,
78,¿Qué fabricante y precio unitario tiene la CPU SIMATIC S7-1500F (6ES7517-3FP00-0AB0) en la SE210 Glovebox WELD MTP 180-32 TT?,factual tabla,"Siemens A 50 6ES7517-3FP00-0AB0 7.017,82 € ",1005806 01 Lista de piezas de recambio.pdf,Back Up HD CEFA\Celulas-Esac Grandes\CEL13-CELULA VAN.EA\Punching Machine\1005806 Punching machine DAG BR 449\Español\04 Piezas de recambio\1005806 01 Lista de piezas de recambio.pdf,3,
79,¿Qué precio tiene el router industrial LAN-to-LAN ICR-2701 SL v2i en la SE210 Glovebox WELD MTP 180-32 TT?,factual tabla,"LAN-to-LAN Router ICR-2701 SL v2i … 529,80 € ",1005806 01 Lista de piezas de recambio.pdf,Back Up HD CEFA\Celulas-Esac Grandes\CEL13-CELULA VAN.EA\Punching Machine\1005806 Punching machine DAG BR 449\Español\04 Piezas de recambio\1005806 01 Lista de piezas de recambio.pdf,3,
80,¿Qué regla se establece sobre la validez de los precios en la lista de repuestos de la SE210 Glovebox WELD MTP 180-32 TT?,regla,Price validity: up to 3 months after issue ,1005806 01 Lista de piezas de recambio.pdf,Back Up HD CEFA\Celulas-Esac Grandes\CEL13-CELULA VAN.EA\Punching Machine\1005806 Punching machine DAG BR 449\Español\04 Piezas de recambio\1005806 01 Lista de piezas de recambio.pdf,2,
81,¿Cuál es el número de proyecto asociado a los datos de sonotrodos del producto Steering Column Upper Cover VAN E.A?,factual,Project-No.: 100.096.01 ,Datos sonotrodos.pdf,Back Up HD CEFA\Celulas-Esac Grandes\CEL13-CELULA VAN.EA\Soldadura Ultrasonidos ECOFLEX\10. Protocolo de pruebas\Datos sonotrodos.pdf,1,
82,¿Qué números de generador se indican para los primeros conjuntos VE 01–VE 06 del producto Steering Column Upper Cover VAN E.A?,factual tabla,"Generador número: 246323, 232578, 232948, 251044, 232575, 246334 ",Datos sonotrodos.pdf,Back Up HD CEFA\Celulas-Esac Grandes\CEL13-CELULA VAN.EA\Soldadura Ultrasonidos ECOFLEX\10. Protocolo de pruebas\Datos sonotrodos.pdf,1,
83,¿Qué tipo de convertidor se utiliza en los primeros conjuntos VE del producto Steering Column Upper Cover VAN E.A?,factual tabla,"Convertidor tipo: K235.044, K235.044, K235.040, K235.040, K235.044, K235.044 ",Datos sonotrodos.pdf,Back Up HD CEFA\Celulas-Esac Grandes\CEL13-CELULA VAN.EA\Soldadura Ultrasonidos ECOFLEX\10. Protocolo de pruebas\Datos sonotrodos.pdf,1,
84,¿Qué números de sonotrodo aparecen en los primeros conjuntos del producto Steering Column Upper Cover VAN E.A?,factual tabla,"Sonotrodo número: 40193001, 40193101, 40193201, 40193211, 40193111, 40193011 ",Datos sonotrodos.pdf,Back Up HD CEFA\Celulas-Esac Grandes\CEL13-CELULA VAN.EA\Soldadura Ultrasonidos ECOFLEX\10. Protocolo de pruebas\Datos sonotrodos.pdf,1,
85,¿Qué instrumento de medición se utilizó para el protocolo de ruido del proyecto Steering Column Mercedes Van EA?,factual,"Instrumento de medición: Norsonic AS, Tipo: NOR 131, Número de serie: 1313879 ",FB0013.01 Protocolo de medidas de ruido.pdf,Back Up HD CEFA\Celulas-Esac Grandes\CEL13-CELULA VAN.EA\Soldadura Ultrasonidos ECOFLEX\10. Protocolo de pruebas\FB0013.01 Protocolo de medidas de ruido.pdf,1,
86,¿Cuál fue el tiempo de ciclo de máquina utilizado durante las mediciones de ruido del proyecto Steering Column Mercedes Van EA?,factual,Tiempo de ciclo máquina de un ciclo: 12 segundos ,FB0013.01 Protocolo de medidas de ruido.pdf,Back Up HD CEFA\Celulas-Esac Grandes\CEL13-CELULA VAN.EA\Soldadura Ultrasonidos ECOFLEX\10. Protocolo de pruebas\FB0013.01 Protocolo de medidas de ruido.pdf,1,
87,"¿Qué valores promedio de la máquina se obtuvieron para LAeq, Lmax y Peak en el protocolo de ruido del proyecto Steering Column Mercedes Van EA?",factual tabla,"LAeq 75 dB(A), L.max 80 dB(A), L.min 53 dB(A), Peak 100 C ",FB0013.01 Protocolo de medidas de ruido.pdf,Back Up HD CEFA\Celulas-Esac Grandes\CEL13-CELULA VAN.EA\Soldadura Ultrasonidos ECOFLEX\10. Protocolo de pruebas\FB0013.01 Protocolo de medidas de ruido.pdf,2,
88,¿Es necesario el adhesivo de protección auditiva según el protocolo de ruido del proyecto Steering Column Mercedes Van EA?,regla,Necesario adhesivo protección auditiva: no ,FB0013.01 Protocolo de medidas de ruido.pdf,Back Up HD CEFA\Celulas-Esac Grandes\CEL13-CELULA VAN.EA\Soldadura Ultrasonidos ECOFLEX\10. Protocolo de pruebas\FB0013.01 Protocolo de medidas de ruido.pdf,2,
89,¿Cuál es el valor medio general obtenido en la revisión de capacidad de la máquina del proyecto Steering Column Mercedes VAN EA?,factual,"Valor medio general: µ = Xq/q 4,997 ",FB0014.00 Revisión capacidad de máquina.pdf,Back Up HD CEFA\Celulas-Esac Grandes\CEL13-CELULA VAN.EA\Soldadura Ultrasonidos ECOFLEX\10. Protocolo de pruebas\FB0014.00 Revisión capacidad de máquina.pdf,1,
90,¿Cuáles son los límites de especificación inferior y superior en la revisión de capacidad de la máquina del proyecto Steering Column Mercedes VAN EA?,factual tabla,"Valor límite inferior (VLI): 4,80 mm ; Valor límite superior (VLS): 5,20 mm ",FB0014.00 Revisión capacidad de máquina.pdf,Back Up HD CEFA\Celulas-Esac Grandes\CEL13-CELULA VAN.EA\Soldadura Ultrasonidos ECOFLEX\10. Protocolo de pruebas\FB0014.00 Revisión capacidad de máquina.pdf,1,
91,¿Qué instrumento de medición se utilizó en la revisión de capacidad de la máquina del proyecto Steering Column Mercedes VAN EA?,factual,Medio de medición: Digimatic Mini-Prozessor ,FB0014.00 Revisión capacidad de máquina.pdf,Back Up HD CEFA\Celulas-Esac Grandes\CEL13-CELULA VAN.EA\Soldadura Ultrasonidos ECOFLEX\10. Protocolo de pruebas\FB0014.00 Revisión capacidad de máquina.pdf,1,
92,¿Qué criterio de capacidad de calidad nominal debe cumplirse según el informe?,regla,Cifras de capacidad de calidad nominal Cmk > 1.33 ,FB0014.00 Revisión capacidad de máquina.pdf,Back Up HD CEFA\Celulas-Esac Grandes\CEL13-CELULA VAN.EA\Soldadura Ultrasonidos ECOFLEX\10. Protocolo de pruebas\FB0014.00 Revisión capacidad de máquina.pdf,1,
93,¿Cuál es el objetivo del control general regular de la puerta corredera?,factual,Determinación de la función correcta del completo sistema de seguridad. ,PA Control de puerta corredera.pdf,Back Up HD CEFA\Celulas-Esac Grandes\CEL13-CELULA VAN.EA\Soldadura Ultrasonidos ECOFLEX\10. Protocolo de pruebas\PA Control de puerta corredera.pdf,1,
94,¿Qué procedimiento debe seguirse para comprobar el funcionamiento de las barras de conmutación en la puerta corredera?,procedimiento,Activando las barras de control es necesario que se active un movimiento de inversión inmediato de la puerta corredera. ,PA Control de puerta corredera.pdf,Back Up HD CEFA\Celulas-Esac Grandes\CEL13-CELULA VAN.EA\Soldadura Ultrasonidos ECOFLEX\10. Protocolo de pruebas\PA Control de puerta corredera.pdf,1,
95,¿Con qué frecuencia se requiere el control del sistema según la norma ASR A1.7 en Alemania?,regla,Según la norma ASR A1.7 se requiere en Alemania un control anual. ,PA Control de puerta corredera.pdf,Back Up HD CEFA\Celulas-Esac Grandes\CEL13-CELULA VAN.EA\Soldadura Ultrasonidos ECOFLEX\10. Protocolo de pruebas\PA Control de puerta corredera.pdf,1,
96,¿Qué acción debe realizarse si se detecta un error durante la prueba del sistema de la puerta corredera?,regla,"En caso de suceder algún error durante la prueba, no seguir usando la instalación. ",PA Control de puerta corredera.pdf,Back Up HD CEFA\Celulas-Esac Grandes\CEL13-CELULA VAN.EA\Soldadura Ultrasonidos ECOFLEX\10. Protocolo de pruebas\PA Control de puerta corredera.pdf,2,
97,¿Cuál es el objetivo del control general regular del portal corredero?,factual,Determinación de la función correcta del completo sistema de seguridad. ,PA Control portal corredero.pdf,Back Up HD CEFA\Celulas-Esac Grandes\CEL13-CELULA VAN.EA\Soldadura Ultrasonidos ECOFLEX\10. Protocolo de pruebas\PA Control portal corredero.pdf,1,
98,¿Qué procedimiento debe seguirse para comprobar la barrera fotoeléctrica del portal corredero?,procedimiento,Controlar el funcionamiento de la barrera fotoeléctrica. (en caso de existir) ,PA Control portal corredero.pdf,Back Up HD CEFA\Celulas-Esac Grandes\CEL13-CELULA VAN.EA\Soldadura Ultrasonidos ECOFLEX\10. Protocolo de pruebas\PA Control portal corredero.pdf,1,
99,¿Qué norma establece la periodicidad del control del sistema del portal corredero en Alemania?,regla,Según la norma ASR A1.7 se requiere en Alemania un control anual. ,PA Control portal corredero.pdf,Back Up HD CEFA\Celulas-Esac Grandes\CEL13-CELULA VAN.EA\Soldadura Ultrasonidos ECOFLEX\10. Protocolo de pruebas\PA Control portal corredero.pdf,1,
100,¿Qué acción debe realizarse si se detecta un funcionamiento inseguro del sistema?,regla,Con un funcionamiento inseguro del sistema de seguridad es necesario detener la instalación inmediatamente y realizar un control de seguridad completo según el manual de instrucciones y de conexiones. ,PA Control portal corredero.pdf,Back Up HD CEFA\Celulas-Esac Grandes\CEL13-CELULA VAN.EA\Soldadura Ultrasonidos ECOFLEX\10. Protocolo de pruebas\PA Control portal corredero.pdf,2,
101,¿Cuál es el objetivo del control diario de la cortina fotoeléctrica?,factual,Determinación de la función correcta de la barrera fotoeléctrica. Control del campo de protección. ,PA Instrucciones de control-Control cortina fotoelectrica.pdf,Back Up HD CEFA\Celulas-Esac Grandes\CEL13-CELULA VAN.EA\Soldadura Ultrasonidos ECOFLEX\10. Protocolo de pruebas\PA Instrucciones de control-Control cortina fotoelectrica.pdf,1,
102,¿Qué procedimiento debe seguirse para comprobar los haces de luz durante la prueba de la cortina fotoeléctrica?,procedimiento,"Cubrir cuidadosamente cada haz de luz con un cuerpo de prueba que no permita pasar la luz (mín 30mm de diámetro) delante del emisor, entre emisor y receptor, delante del receptor y antes/después de los espejos de refracción. ",PA Instrucciones de control-Control cortina fotoelectrica.pdf,Back Up HD CEFA\Celulas-Esac Grandes\CEL13-CELULA VAN.EA\Soldadura Ultrasonidos ECOFLEX\10. Protocolo de pruebas\PA Instrucciones de control-Control cortina fotoelectrica.pdf,2,
103,¿Qué resultado debe observarse en los LED durante la prueba de la cortina fotoeléctrica?,factual tabla,En el receptor no debe relucir ningún LED; en el aparato UE401 solo debe relucir el LED rojo. ,PA Instrucciones de control-Control cortina fotoelectrica.pdf,Back Up HD CEFA\Celulas-Esac Grandes\CEL13-CELULA VAN.EA\Soldadura Ultrasonidos ECOFLEX\10. Protocolo de pruebas\PA Instrucciones de control-Control cortina fotoelectrica.pdf,2,
104,¿Qué acción debe realizarse si ocurre un error durante la prueba del sistema?,regla,"En caso de suceder algún error durante la prueba, no seguir usando la instalación. ",PA Instrucciones de control-Control cortina fotoelectrica.pdf,Back Up HD CEFA\Celulas-Esac Grandes\CEL13-CELULA VAN.EA\Soldadura Ultrasonidos ECOFLEX\10. Protocolo de pruebas\PA Instrucciones de control-Control cortina fotoelectrica.pdf,2,
105,¿Cuál es el objetivo del control diario del escáner láser?,factual,Determinación de la función correcta de la escáner láser. Control de los campos de protección. ,PA Laserscanner.pdf,Back Up HD CEFA\Celulas-Esac Grandes\CEL13-CELULA VAN.EA\Soldadura Ultrasonidos ECOFLEX\10. Protocolo de pruebas\PA Laserscanner.pdf,1,
106,¿Qué procedimiento debe realizarse para verificar la función de protección del escáner láser durante el funcionamiento de la instalación?,procedimiento,Intervenir a propósito en el campo de protección seleccionado durante el funcionamiento de la instalación para controlar la función de protección para la instalación completa. Los avisadores luminosos del escáner láser deben cambiar de verde a rojo y el movimiento que genera peligro debe detenerse inmediatamente. ,PA Laserscanner.pdf,Back Up HD CEFA\Celulas-Esac Grandes\CEL13-CELULA VAN.EA\Soldadura Ultrasonidos ECOFLEX\10. Protocolo de pruebas\PA Laserscanner.pdf,1,
107,¿Qué resultado debe observarse en los avisadores luminosos cuando se interrumpe el campo de seguridad del escáner láser?,factual tabla,Los avisadores luminosos del escáner láser deben cambiar de verde a rojo y el movimiento que genera peligro debe detenerse inmediatamente. ,PA Laserscanner.pdf,Back Up HD CEFA\Celulas-Esac Grandes\CEL13-CELULA VAN.EA\Soldadura Ultrasonidos ECOFLEX\10. Protocolo de pruebas\PA Laserscanner.pdf,1,
108,¿Qué acción debe realizarse si ocurre un error durante la prueba del escáner láser?,regla,"En caso de suceder algún error durante la prueba, no seguir usando la instalación. ",PA Laserscanner.pdf,Back Up HD CEFA\Celulas-Esac Grandes\CEL13-CELULA VAN.EA\Soldadura Ultrasonidos ECOFLEX\10. Protocolo de pruebas\PA Laserscanner.pdf,2,
109,¿Cuál es el objetivo del control de medición del nivel de presión sonora en la zona de ingreso?,factual,Determinar el nivel de presión sonora de una máquina durante el funcionamiento. ,PA Medición del nivel de presión sonora en la zona de ingreso.pdf,Back Up HD CEFA\Celulas-Esac Grandes\CEL13-CELULA VAN.EA\Soldadura Ultrasonidos ECOFLEX\10. Protocolo de pruebas\PA Medición del nivel de presión sonora en la zona de ingreso.pdf,1,
110,¿Qué procedimiento debe seguirse para realizar la medición del nivel de presión sonora?,procedimiento,"Conectar la máquina y activar el ciclo automático (3 ciclos), montar el dispositivo delante del lugar de entrada, conectar el dispositivo, iniciar la medición junto con la máquina, repetir la medición con 2 ciclos adicionales y guardar los resultados. ",PA Medición del nivel de presión sonora en la zona de ingreso.pdf,Back Up HD CEFA\Celulas-Esac Grandes\CEL13-CELULA VAN.EA\Soldadura Ultrasonidos ECOFLEX\10. Protocolo de pruebas\PA Medición del nivel de presión sonora en la zona de ingreso.pdf,2,
111,¿Cuántas mediciones deben realizarse durante el control del nivel de presión sonora?,factual tabla,Cantidad de mediciones: 3 ,PA Medición del nivel de presión sonora en la zona de ingreso.pdf,Back Up HD CEFA\Celulas-Esac Grandes\CEL13-CELULA VAN.EA\Soldadura Ultrasonidos ECOFLEX\10. Protocolo de pruebas\PA Medición del nivel de presión sonora en la zona de ingreso.pdf,1,
112,¿Qué límite máximo de nivel de presión sonora no debe superarse tras la evaluación de resultados?,regla,El nivel de presión sonora registrado no debe exceder el valor de 80dB. ,PA Medición del nivel de presión sonora en la zona de ingreso.pdf,Back Up HD CEFA\Celulas-Esac Grandes\CEL13-CELULA VAN.EA\Soldadura Ultrasonidos ECOFLEX\10. Protocolo de pruebas\PA Medición del nivel de presión sonora en la zona de ingreso.pdf,2,
113,¿Cuál es la responsabilidad principal del operario para garantizar la seguridad durante el funcionamiento de la máquina ECOFLEX iSONIC?,factual,"El explotador debe planificar las medidas de seguridad, garantizar el uso conforme, controlar los dispositivos de seguridad, proporcionar EPI, mantener las instrucciones disponibles y permitir solo personal cualificado. ",100.096.01 Traduccion de las instrucciones de funcionamiento.pdf,Back Up HD CEFA\Celulas-Esac Grandes\CEL13-CELULA VAN.EA\Soldadura Ultrasonidos ECOFLEX\2. Instrucciones de operacion\100.096.01 Traduccion de las instrucciones de funcionamiento.pdf,7,
114,¿Qué procedimiento debe seguirse para liberar la parada de emergencia de la máquina ECOFLEX iSONIC?,procedimiento,"Desbloquear el conmutador de parada de emergencia, accionar la tecla luminosa “acuse de perturbación” y accionar la tecla luminosa “arranque de la posición inicial de la máquina” hasta alcanzar la posición inicial. ",100.096.01 Traduccion de las instrucciones de funcionamiento.pdf,Back Up HD CEFA\Celulas-Esac Grandes\CEL13-CELULA VAN.EA\Soldadura Ultrasonidos ECOFLEX\2. Instrucciones de operacion\100.096.01 Traduccion de las instrucciones de funcionamiento.pdf,33,
115,"¿Cuáles son los principales datos técnicos de la máquina ECOFLEX iSONIC (peso, conexión eléctrica y presión neumática)?",factual tabla,Peso: 920 kg; Conexión eléctrica: 3 x 400V AC + N + PE / 50 Hz; Presión neumática: 6 bar (máx. 10 bar). ,100.096.01 Traduccion de las instrucciones de funcionamiento.pdf,Back Up HD CEFA\Celulas-Esac Grandes\CEL13-CELULA VAN.EA\Soldadura Ultrasonidos ECOFLEX\2. Instrucciones de operacion\100.096.01 Traduccion de las instrucciones de funcionamiento.pdf,18,
116,¿Qué regla debe cumplirse respecto al personal con marcapasos al trabajar con la máquina?,regla,Está prohibido que personas con marcapasos o desfibrilador trabajen o permanezcan en la máquina. ,100.096.01 Traduccion de las instrucciones de funcionamiento.pdf,Back Up HD CEFA\Celulas-Esac Grandes\CEL13-CELULA VAN.EA\Soldadura Ultrasonidos ECOFLEX\2. Instrucciones de operacion\100.096.01 Traduccion de las instrucciones de funcionamiento.pdf,14,
117,¿Qué cantidad de generadores Profibus USG14MD-35/800 se especifican en los recambios del producto Steering Column Upper Cover VAN E.A?,factual tabla,Pos. 1 – Cant. 6 Stk – Generador Profibus USG14MD-35/800 Sonotronic ,100.096.01 - Recambios.pdf,Back Up HD CEFA\Celulas-Esac Grandes\CEL13-CELULA VAN.EA\Soldadura Ultrasonidos ECOFLEX\3. Lista de piezas de recambio\100.096.01 - Recambios.pdf,1,
118,¿Qué fabricante y referencia tiene la válvula solenoide 5/3 utilizada en el producto Steering Column Upper Cover VAN E.A?,factual tabla,Válvula solenoide 5/3 – Festo CPE18-M1H-5/3G-1/4 ,100.096.01 - Recambios.pdf,Back Up HD CEFA\Celulas-Esac Grandes\CEL13-CELULA VAN.EA\Soldadura Ultrasonidos ECOFLEX\3. Lista de piezas de recambio\100.096.01 - Recambios.pdf,1,
119,¿Qué capacidad tiene el depósito de aire comprimido incluido en los recambios del producto Steering Column Upper Cover VAN E.A?,factual,Depósito de aire comprimido de 20 L ,100.096.01 - Recambios.pdf,Back Up HD CEFA\Celulas-Esac Grandes\CEL13-CELULA VAN.EA\Soldadura Ultrasonidos ECOFLEX\3. Lista de piezas de recambio\100.096.01 - Recambios.pdf,1,
120,¿Qué fabricante suministra la unidad de mantenimiento 3/8-MIDI completa del producto Steering Column Upper Cover VAN E.A?,factual tabla,Unidad de mantenimiento 3/8-MIDI completa – Festo CTO-Nummer 04-20006026 ,100.096.01 - Recambios.pdf,Back Up HD CEFA\Celulas-Esac Grandes\CEL13-CELULA VAN.EA\Soldadura Ultrasonidos ECOFLEX\3. Lista de piezas de recambio\100.096.01 - Recambios.pdf,1,
121,¿Cuál es el uso destinado de la pistola de soldadura manual DNP-35?,regla,La pistola de soldadura manual de ultrasonidos ha sido desarrollada únicamente para realizar trabajos de soldadura por ultrasonidos de materiales termoplásticos que se fusionan bajo altas temperaturas y presión. ,27.11.2014 ES Traducción de las instrucciones de funcionamiento Pistola de soldadura manual.pdf,Back Up HD CEFA\Celulas-Esac Grandes\CEL13-CELULA VAN.EA\Soldadura Ultrasonidos ECOFLEX\5. Opcion Instrucciones de operacion Pistola de soldadura\27.11.2014 ES Traducción de las instrucciones de funcionamiento Pistola de soldadura manual.pdf,6,
122,¿Qué procedimiento describe la secuencia de trabajo al utilizar la pistola de soldadura manual DNP-35?,procedimiento,"Conectar el sonotrodo a la pieza, pulsar el gatillo para iniciar ultrasonidos, mantener presión ligera, soltar gatillo al finalizar, dejar el sonotrodo 2-3 s para enfriamiento y retirarlo. ",27.11.2014 ES Traducción de las instrucciones de funcionamiento Pistola de soldadura manual.pdf,Back Up HD CEFA\Celulas-Esac Grandes\CEL13-CELULA VAN.EA\Soldadura Ultrasonidos ECOFLEX\5. Opcion Instrucciones de operacion Pistola de soldadura\27.11.2014 ES Traducción de las instrucciones de funcionamiento Pistola de soldadura manual.pdf,12,
123,¿Qué datos técnicos principales tiene la pistola DNP-35 en cuanto a frecuencia y tensión de conexión?,factual tabla,Frecuencia 35 kHz; Tensión de conexión 230 V. ,27.11.2014 ES Traducción de las instrucciones de funcionamiento Pistola de soldadura manual.pdf,Back Up HD CEFA\Celulas-Esac Grandes\CEL13-CELULA VAN.EA\Soldadura Ultrasonidos ECOFLEX\5. Opcion Instrucciones de operacion Pistola de soldadura\27.11.2014 ES Traducción de las instrucciones de funcionamiento Pistola de soldadura manual.pdf,7,
124,¿Qué regla de seguridad se establece respecto al contacto con el sonotrodo durante el funcionamiento?,regla,No tocar el sonotrodo cuando estén activados los ultrasonidos. ¡Peligro de quemaduras! ,27.11.2014 ES Traducción de las instrucciones de funcionamiento Pistola de soldadura manual.pdf,Back Up HD CEFA\Celulas-Esac Grandes\CEL13-CELULA VAN.EA\Soldadura Ultrasonidos ECOFLEX\5. Opcion Instrucciones de operacion Pistola de soldadura\27.11.2014 ES Traducción de las instrucciones de funcionamiento Pistola de soldadura manual.pdf,6,
125,¿Cuál es la tensión y frecuencia de alimentación eléctrica de la máquina de soldadura por ultrasonidos del proyecto 100_096_01 Cefa_ES?,factual,3x400V / N / PE / 10A / 50Hz ,100_096_01 Cefa_ES.pdf,Back Up HD CEFA\Celulas-Esac Grandes\CEL13-CELULA VAN.EA\Soldadura Ultrasonidos ECOFLEX\6. Esquema de conexiones electricas\100_096_01 Cefa_ES.pdf,2,
126,¿Qué tipo de fusible principal se especifica para la protección del sistema en el proyecto 100_096_01 Cefa_ES?,factual,"Fusible principal: sistema de aseguramiento DIAZED, Categoría de uso gG ",100_096_01 Cefa_ES.pdf,Back Up HD CEFA\Celulas-Esac Grandes\CEL13-CELULA VAN.EA\Soldadura Ultrasonidos ECOFLEX\6. Esquema de conexiones electricas\100_096_01 Cefa_ES.pdf,2,
127,¿Qué advertencia de seguridad se indica al desconectar el interruptor principal en el armario de distribución?,regla,Al desconectar el interruptor principal sigue habiento tensión ,100_096_01 Cefa_ES.pdf,Back Up HD CEFA\Celulas-Esac Grandes\CEL13-CELULA VAN.EA\Soldadura Ultrasonidos ECOFLEX\6. Esquema de conexiones electricas\100_096_01 Cefa_ES.pdf,10,
128,¿Qué fuente de alimentación se utiliza para generar la tensión de 24V DC del sistema?,factual tabla,SIEMENS PSU300S 24V-10A 6EP1434-2BA10 OUTPUT DC24V / 10A ,100_096_01 Cefa_ES.pdf,Back Up HD CEFA\Celulas-Esac Grandes\CEL13-CELULA VAN.EA\Soldadura Ultrasonidos ECOFLEX\6. Esquema de conexiones electricas\100_096_01 Cefa_ES.pdf,19,
129,¿Qué colores de manguera indican la posición de trabajo y la posición inicial en el sistema neumático de la EcoFlex iSonic?,factual tabla,azul Posición de trabajo ; rojo Posición inicial ,900_165_31_es.pdf,Back Up HD CEFA\Celulas-Esac Grandes\CEL13-CELULA VAN.EA\Soldadura Ultrasonidos ECOFLEX\7. Esquema neumatico\900_165_31_es.pdf,1,
130,¿Qué fabricante suministra el cilindro de carrera 300 mm utilizado en la mesa móvil de la EcoFlex iSonic?,factual,Cilindro Ø32; Carrera 300 Festo DNC-32-300-PPV-A ,900_165_31_es.pdf,Back Up HD CEFA\Celulas-Esac Grandes\CEL13-CELULA VAN.EA\Soldadura Ultrasonidos ECOFLEX\7. Esquema neumatico\900_165_31_es.pdf,3,
131,¿Qué procedimiento de advertencia se indica respecto a las líneas neumáticas en la EcoFlex iSonic?,regla,¡ATENCIÓN! Línea está bajo presión ,900_165_31_es.pdf,Back Up HD CEFA\Celulas-Esac Grandes\CEL13-CELULA VAN.EA\Soldadura Ultrasonidos ECOFLEX\7. Esquema neumatico\900_165_31_es.pdf,3,
132,¿Qué tipo de válvula se utiliza para la refrigeración de los sonotrodos en la EcoFlex iSonic?,factual tabla,3/2-Válvula de vías Festo CPE18-M1H-3GL-1/4 ,900_165_31_es.pdf,Back Up HD CEFA\Celulas-Esac Grandes\CEL13-CELULA VAN.EA\Soldadura Ultrasonidos ECOFLEX\7. Esquema neumatico\900_165_31_es.pdf,6,
133,¿Cuál es el tiempo máximo de trabajo configurado en los parámetros de la máquina del proyecto Steering Column Mercedes VAN EA?,factual,"Tiempo máximo de trabajo: 9,90 s ",FB0010.01 Parámetros de máquina_Parámetros adicionales.pdf,Back Up HD CEFA\Celulas-Esac Grandes\CEL13-CELULA VAN.EA\Soldadura Ultrasonidos ECOFLEX\8. Parametros\FB0010.01 Parámetros de máquina_Parámetros adicionales.pdf,1,
134,¿Qué tiempo de llenado del sistema de presión de aire se establece en los parámetros de máquina?,factual tabla,"Sistema presión de aire: Tiempo de llenado 60,00 s ",FB0010.01 Parámetros de máquina_Parámetros adicionales.pdf,Back Up HD CEFA\Celulas-Esac Grandes\CEL13-CELULA VAN.EA\Soldadura Ultrasonidos ECOFLEX\8. Parametros\FB0010.01 Parámetros de máquina_Parámetros adicionales.pdf,1,
135,¿Qué valor de presión se establece para el pisador 1 en los parámetros de máquina?,factual tabla,"Presión de pisador 1: 4,00 bar ",FB0010.01 Parámetros de máquina_Parámetros adicionales.pdf,Back Up HD CEFA\Celulas-Esac Grandes\CEL13-CELULA VAN.EA\Soldadura Ultrasonidos ECOFLEX\8. Parametros\FB0010.01 Parámetros de máquina_Parámetros adicionales.pdf,2,
136,¿Qué tiempo de parada 1 se define en los parámetros adicionales de la máquina?,factual tabla,"Tiempo de parada 1: 3,00 s ",FB0010.01 Parámetros de máquina_Parámetros adicionales.pdf,Back Up HD CEFA\Celulas-Esac Grandes\CEL13-CELULA VAN.EA\Soldadura Ultrasonidos ECOFLEX\8. Parametros\FB0010.01 Parámetros de máquina_Parámetros adicionales.pdf,1,
137,¿Qué valor de profundidad nominal se establece para la unidad VE 01 en los parámetros de soldadura del producto Steering Column Mercedes VAN EA?,factual tabla,"Profundidad: valor nominal mm 42,65 ",Parametros de soldadura.pdf,Back Up HD CEFA\Celulas-Esac Grandes\CEL13-CELULA VAN.EA\Soldadura Ultrasonidos ECOFLEX\8. Parametros\Parametros de soldadura.pdf,1,
138,¿Qué valor de amplitud se configura en los parámetros de soldadura de las unidades iniciales del producto Steering Column Mercedes VAN EA?,factual tabla,"Amplitud % 100,00 ",Parametros de soldadura.pdf,Back Up HD CEFA\Celulas-Esac Grandes\CEL13-CELULA VAN.EA\Soldadura Ultrasonidos ECOFLEX\8. Parametros\Parametros de soldadura.pdf,1,
139,¿Qué presión inicial se define en los parámetros de soldadura del producto Steering Column Mercedes VAN EA?,factual tabla,"Presión inicial bar 2,00 ",Parametros de soldadura.pdf,Back Up HD CEFA\Celulas-Esac Grandes\CEL13-CELULA VAN.EA\Soldadura Ultrasonidos ECOFLEX\8. Parametros\Parametros de soldadura.pdf,1,
140,¿Qué números de generador se indican en los parámetros de soldadura para las primeras unidades VE del producto Steering Column Mercedes VAN EA?,factual tabla,Número de generador 246323 232578 232948 251044 232575 246334 ,Parametros de soldadura.pdf,Back Up HD CEFA\Celulas-Esac Grandes\CEL13-CELULA VAN.EA\Soldadura Ultrasonidos ECOFLEX\8. Parametros\Parametros de soldadura.pdf,1,
141,¿Qué instrumento de medición se utilizó para las mediciones eléctricas del sistema BR 449_IP_MTPE_250-32?,factual,Messgerät: Fluke 1654B ,1005328 07 DGUV.pdf,Back Up HD CEFA\Celulas-Esac Grandes\CEL13-CELULA VAN.EA\Edge Folding Machine\1005328 MTPE Machine DAG BR 449\Español\01 Seguridad\1005328 07 DGUV.pdf,3,
142,¿Qué tensión se midió entre L2-L3 en la alimentación del interruptor principal de la BR 449_IP_MTPE_250-32?,factual tabla,L2-L3 400 ,1005328 07 DGUV.pdf,Back Up HD CEFA\Celulas-Esac Grandes\CEL13-CELULA VAN.EA\Edge Folding Machine\1005328 MTPE Machine DAG BR 449\Español\01 Seguridad\1005328 07 DGUV.pdf,13,
143,¿Qué procedimiento de medición de aislamiento se aplica y qué tensión de prueba se utiliza en la BR 449_IP_MTPE_250-32?,procedimiento,"Prüfspannung 500V, Schutzklasse I – > 0,3MΩ (mit Heizelementen), Schutzklasse I – > 1MΩ (ohne Heizelementen), > 2MΩ (berührbare, leitfähige Teile ohne SL-Anschluss), Schutzklasse II >2,0MΩ ",1005328 07 DGUV.pdf,Back Up HD CEFA\Celulas-Esac Grandes\CEL13-CELULA VAN.EA\Edge Folding Machine\1005328 MTPE Machine DAG BR 449\Español\01 Seguridad\1005328 07 DGUV.pdf,8,
144,¿Qué condición debe cumplirse para la medición del interruptor diferencial (RCD) en la BR 449_IP_MTPE_250-32?,regla,FI Messung Auslösezeit ~40ms Auslösestrom <30mA ,1005328 07 DGUV.pdf,Back Up HD CEFA\Celulas-Esac Grandes\CEL13-CELULA VAN.EA\Edge Folding Machine\1005328 MTPE Machine DAG BR 449\Español\01 Seguridad\1005328 07 DGUV.pdf,12,
145,¿Qué advertencia general debe leerse antes de realizar tareas de mantenimiento en la BR 449_IP_MTPE_250-32?,regla,"¡Antes de llevar a cabo ninguna tarea de mantenimiento, lea atentamente los datos de los puntos de mantenimiento! ",1005328 01 Plan de mantenimiento.pdf,Back Up HD CEFA\Celulas-Esac Grandes\CEL13-CELULA VAN.EA\Edge Folding Machine\1005328 MTPE Machine DAG BR 449\Español\03 Mantenimiento\1005328 01 Plan de mantenimiento.pdf,3,
146,¿Qué procedimiento debe seguirse para asegurar la instalación frente a la reconexión durante el mantenimiento de la BR 449_IP_MTPE_250-32?,procedimiento,Señalice y cierre la instalación antes de las tareas de reparación; coloque advertencia en el interruptor principal; interrumpa el circuito de seguridad; cierre y despresurice la conexión de aire comprimido. ,1005328 01 Plan de mantenimiento.pdf,Back Up HD CEFA\Celulas-Esac Grandes\CEL13-CELULA VAN.EA\Edge Folding Machine\1005328 MTPE Machine DAG BR 449\Español\03 Mantenimiento\1005328 01 Plan de mantenimiento.pdf,5,
147,¿Cuál es el intervalo de mantenimiento para la comprobación de daños y suciedad general en la BR 449_IP_MTPE_250-32?,factual tabla,1 vez al día o después de 24 horas de servicio ,1005328 01 Plan de mantenimiento.pdf,Back Up HD CEFA\Celulas-Esac Grandes\CEL13-CELULA VAN.EA\Edge Folding Machine\1005328 MTPE Machine DAG BR 449\Español\03 Mantenimiento\1005328 01 Plan de mantenimiento.pdf,9,
148,¿Qué acción debe realizarse si falla la protección contra caídas durante las comprobaciones?,regla,"¡Si en las comprobaciones falla la protección contra caídas, debe detenerse de inmediato la instalación! ",1005328 01 Plan de mantenimiento.pdf,Back Up HD CEFA\Celulas-Esac Grandes\CEL13-CELULA VAN.EA\Edge Folding Machine\1005328 MTPE Machine DAG BR 449\Español\03 Mantenimiento\1005328 01 Plan de mantenimiento.pdf,14,
149,¿Cuál es el valor total del equipo indicado en la lista de repuestos de la BR 449_IP_MTPE_250-32?,factual,"Total Equipment value = 2.730.000,00 € ",1005328 01 Lista de piezas de recambio.pdf,Back Up HD CEFA\Celulas-Esac Grandes\CEL13-CELULA VAN.EA\Edge Folding Machine\1005328 MTPE Machine DAG BR 449\Español\04 Piezas de recambio\1005328 01 Lista de piezas de recambio.pdf,1,
150,¿Qué fabricante y referencia tiene el módulo de entrada analógica SIMATIC ET 200SP utilizado en la BR 449_IP_MTPE_250-32?,factual tabla,Analogue input module SIMATIC ET 200SP … Siemens 6ES7134-6JD00-0CA1 ,1005328 01 Lista de piezas de recambio.pdf,Back Up HD CEFA\Celulas-Esac Grandes\CEL13-CELULA VAN.EA\Edge Folding Machine\1005328 MTPE Machine DAG BR 449\Español\04 Piezas de recambio\1005328 01 Lista de piezas de recambio.pdf,2,
151,¿Qué precio tiene el router industrial LAN-to-LAN ICR-2701 SL v2i en los repuestos de la BR 449_IP_MTPE_250-32?,factual tabla,"LAN-to-LAN Router ICR-2701 SL v2i … 529,80 € ",1005328 01 Lista de piezas de recambio.pdf,Back Up HD CEFA\Celulas-Esac Grandes\CEL13-CELULA VAN.EA\Edge Folding Machine\1005328 MTPE Machine DAG BR 449\Español\04 Piezas de recambio\1005328 01 Lista de piezas de recambio.pdf,3,
152,¿Qué regla se establece sobre la validez de los precios en la lista de repuestos de la BR 449_IP_MTPE_250-32?,regla,Price validity: up to 3 months after issue ,1005328 01 Lista de piezas de recambio.pdf,Back Up HD CEFA\Celulas-Esac Grandes\CEL13-CELULA VAN.EA\Edge Folding Machine\1005328 MTPE Machine DAG BR 449\Español\04 Piezas de recambio\1005328 01 Lista de piezas de recambio.pdf,2,
153,¿Qué norma eléctrica principal se menciona para el cuadro eléctrico de la BR 449_IP_MTPE_250-32?,factual,Standard IEC 61439-2 ,1005328 01 Plano eléctrico.pdf,Back Up HD CEFA\Celulas-Esac Grandes\CEL13-CELULA VAN.EA\Edge Folding Machine\1005328 MTPE Machine DAG BR 449\Español\05 Eléctrico\1005328 01 Plano eléctrico.pdf,17,
154,¿Cuál es la tensión nominal y la frecuencia nominal del sistema eléctrico de la BR 449_IP_MTPE_250-32?,factual tabla,Rated voltage 400V ; Rated frequency 50Hz ,1005328 01 Plano eléctrico.pdf,Back Up HD CEFA\Celulas-Esac Grandes\CEL13-CELULA VAN.EA\Edge Folding Machine\1005328 MTPE Machine DAG BR 449\Español\05 Eléctrico\1005328 01 Plano eléctrico.pdf,17,
155,¿Qué color de cable se utiliza para el conductor de protección según las normas de cableado del sistema?,factual tabla,Protective wire: green-yellow (GNYE) ,1005328 01 Plano eléctrico.pdf,Back Up HD CEFA\Celulas-Esac Grandes\CEL13-CELULA VAN.EA\Edge Folding Machine\1005328 MTPE Machine DAG BR 449\Español\05 Eléctrico\1005328 01 Plano eléctrico.pdf,18,
156,¿Qué regla se establece sobre el dimensionado del cable de conexión del sistema?,regla,Cable dimensioning of the connecting cable must be carried out by the operator of the system. ,1005328 01 Plano eléctrico.pdf,Back Up HD CEFA\Celulas-Esac Grandes\CEL13-CELULA VAN.EA\Edge Folding Machine\1005328 MTPE Machine DAG BR 449\Español\05 Eléctrico\1005328 01 Plano eléctrico.pdf,17,
157,¿Cuál es el propósito del documento de capacitación relacionado con las instalaciones de 3CON?,factual,Diploma de capacitación para el uso de instalaciones + herramientas de 3CON ,1005328 01 Diploma de capacitación.pdf,Back Up HD CEFA\Celulas-Esac Grandes\CEL13-CELULA VAN.EA\Edge Folding Machine\1005328 MTPE Machine DAG BR 449\Español\06 Formación\1005328 01 Diploma de capacitación.pdf,1,
158,¿Qué procedimiento administrativo se indica para documentar la formación recibida en el diploma?,procedimiento,(Lugar/fecha) Nombre Firma Instructor Participante 1 Participante 2 Participante 3 Participante 4 Participante 5 Participante 6 Participante 7 Participante 8 Participante 9 Participante 10 ,1005328 01 Diploma de capacitación.pdf,Back Up HD CEFA\Celulas-Esac Grandes\CEL13-CELULA VAN.EA\Edge Folding Machine\1005328 MTPE Machine DAG BR 449\Español\06 Formación\1005328 01 Diploma de capacitación.pdf,1,
159,¿Qué temas de seguridad se incluyen en la formación según el diploma?,factual tabla,"Dispositivos de seguridad; Prueba SITEMA; Caja del pulsador incl. botón de PARADA DE EMERGENCIA; Pasos a seguir tras una PARADA DE EMERGENCIA, un fallo eléctrico o del aire comprimido ",1005328 01 Diploma de capacitación.pdf,Back Up HD CEFA\Celulas-Esac Grandes\CEL13-CELULA VAN.EA\Edge Folding Machine\1005328 MTPE Machine DAG BR 449\Español\06 Formación\1005328 01 Diploma de capacitación.pdf,1,
160,¿Qué requisito de documentación se establece tras completar la formación?,regla,"Deben registrarse lugar/fecha, nombre y firma del instructor y de los participantes. ",1005328 01 Diploma de capacitación.pdf,Back Up HD CEFA\Celulas-Esac Grandes\CEL13-CELULA VAN.EA\Edge Folding Machine\1005328 MTPE Machine DAG BR 449\Español\06 Formación\1005328 01 Diploma de capacitación.pdf,1,
161,¿Qué instrumento de medición se utilizó para las mediciones eléctricas del sistema BR 449_IP lower center cover+glove box_LHD_EDGE_TOOL_1+0_1+0?,factual,Messgerät: FLUKE 1654B ,1005803 04 DGUV.pdf,Back Up HD CEFA\Celulas-Esac Grandes\CEL13-CELULA VAN.EA\Edge Folding Machine\1005803 Edge-folding tool DAG BR 449\Español\01 Seguridad\1005803 04 DGUV.pdf,3,
162,¿Qué valor máximo permitido se establece para la medición de baja resistencia del conductor de protección?,regla,"Messwerte in OHM < 0,10 ",1005803 04 DGUV.pdf,Back Up HD CEFA\Celulas-Esac Grandes\CEL13-CELULA VAN.EA\Edge Folding Machine\1005803 Edge-folding tool DAG BR 449\Español\01 Seguridad\1005803 04 DGUV.pdf,3.4,
163,¿Qué tensión de prueba se utiliza en la medición de aislamiento del sistema?,factual,Prüfspannung 500V ,1005803 04 DGUV.pdf,Back Up HD CEFA\Celulas-Esac Grandes\CEL13-CELULA VAN.EA\Edge Folding Machine\1005803 Edge-folding tool DAG BR 449\Español\01 Seguridad\1005803 04 DGUV.pdf,5,
164,¿Qué instrumento se utilizó para la medición de la red Profinet del sistema?,factual tabla,Messgerät: WIREEXPERT 4500 ,1005803 04 DGUV.pdf,Back Up HD CEFA\Celulas-Esac Grandes\CEL13-CELULA VAN.EA\Edge Folding Machine\1005803 Edge-folding tool DAG BR 449\Español\01 Seguridad\1005803 04 DGUV.pdf,6,
165,¿Qué tipo de cable y fabricante del conector se utilizan en la red Profinet del sistema BR 449_IP lower center cover+glove box_LHD_EDGE_TOOL_1+0_1+0?,factual,Kabelbezeichnung: lapp etherline ; Steckername: siemens ,1005803 05 Profinet.pdf,Back Up HD CEFA\Celulas-Esac Grandes\CEL13-CELULA VAN.EA\Edge Folding Machine\1005803 Edge-folding tool DAG BR 449\Español\01 Seguridad\1005803 05 Profinet.pdf,1,
166,¿Qué longitud y tiempo de propagación se registraron en la primera línea Profinet del sistema?,factual tabla,"Länge (m) 2,0 ; Laufzeit (ns) 10,0 ",1005803 05 Profinet.pdf,Back Up HD CEFA\Celulas-Esac Grandes\CEL13-CELULA VAN.EA\Edge Folding Machine\1005803 Edge-folding tool DAG BR 449\Español\01 Seguridad\1005803 05 Profinet.pdf,1,
167,¿Qué estándar de cableado se utilizó en la red Profinet del sistema?,regla,Verdrahtung: T568B ,1005803 05 Profinet.pdf,Back Up HD CEFA\Celulas-Esac Grandes\CEL13-CELULA VAN.EA\Edge Folding Machine\1005803 Edge-folding tool DAG BR 449\Español\01 Seguridad\1005803 05 Profinet.pdf,1,
168,¿Qué longitud y tiempo de propagación se registraron en la segunda línea Profinet del sistema?,factual tabla,"Länge (m) 2,1 ; Laufzeit (ns) 11,0 ",1005803 05 Profinet.pdf,Back Up HD CEFA\Celulas-Esac Grandes\CEL13-CELULA VAN.EA\Edge Folding Machine\1005803 Edge-folding tool DAG BR 449\Español\01 Seguridad\1005803 05 Profinet.pdf,2,
169,¿Qué advertencia general debe cumplirse antes de realizar tareas de mantenimiento en la BR 449_IP lower center cover+glove box_LHD_EDGE_TOOL_1+0_1+0?,regla,"¡Antes de llevar a cabo ninguna tarea de mantenimiento, lea atentamente los datos de los puntos de mantenimiento!",1005803 01 Plan de mantenimiento.pdf,Back Up HD CEFA\Celulas-Esac Grandes\CEL13-CELULA VAN.EA\Edge Folding Machine\1005803 Edge-folding tool DAG BR 449\Español\03 Mantenimiento\1005803 01 Plan de mantenimiento.pdf,3,
170,¿Qué procedimiento debe seguirse para asegurar la instalación frente a la reconexión durante el mantenimiento?,procedimiento,Señalice y cierre la instalación antes de las tareas de reparación; coloque advertencia en el interruptor principal; interrumpa el circuito de seguridad; cierre y despresurice la conexión de aire comprimido.,1005803 01 Plan de mantenimiento.pdf,Back Up HD CEFA\Celulas-Esac Grandes\CEL13-CELULA VAN.EA\Edge Folding Machine\1005803 Edge-folding tool DAG BR 449\Español\03 Mantenimiento\1005803 01 Plan de mantenimiento.pdf,5,
171,¿Cuál es el intervalo de mantenimiento para la comprobación de daños y suciedad general?,factual tabla,1 vez al día o después de 24 horas de servicio,1005803 01 Plan de mantenimiento.pdf,Back Up HD CEFA\Celulas-Esac Grandes\CEL13-CELULA VAN.EA\Edge Folding Machine\1005803 Edge-folding tool DAG BR 449\Español\03 Mantenimiento\1005803 01 Plan de mantenimiento.pdf,9,
172,¿Qué acción debe realizarse si falla la protección contra caídas durante las comprobaciones?,regla,"¡Si en las comprobaciones falla la protección contra caídas, debe detenerse de inmediato la instalación!",1005803 01 Plan de mantenimiento.pdf,Back Up HD CEFA\Celulas-Esac Grandes\CEL13-CELULA VAN.EA\Edge Folding Machine\1005803 Edge-folding tool DAG BR 449\Español\03 Mantenimiento\1005803 01 Plan de mantenimiento.pdf,14,
173,¿Cuál es el valor total del equipo indicado en la lista de repuestos de la BR 449_IP lower center cover+glove box_LHD_EDGE_TOOL_1+0_1+0?,factual,"Total Equipment value = 2.730.000,00 € ",1005803 01 Lista de piezas de recambio.pdf,Back Up HD CEFA\Celulas-Esac Grandes\CEL13-CELULA VAN.EA\Edge Folding Machine\1005803 Edge-folding tool DAG BR 449\Español\04 Piezas de recambio\1005803 01 Lista de piezas de recambio.pdf,1,
174,¿Qué fabricante y referencia tiene la CPU SIMATIC S7-1500F utilizada en la BR 449_IP lower center cover+glove box_LHD_EDGE_TOOL_1+0_1+0?,factual tabla,"Siemens 6ES7517-3FP00-0AB0 7.017,82 € ",1005803 01 Lista de piezas de recambio.pdf,Back Up HD CEFA\Celulas-Esac Grandes\CEL13-CELULA VAN.EA\Edge Folding Machine\1005803 Edge-folding tool DAG BR 449\Español\04 Piezas de recambio\1005803 01 Lista de piezas de recambio.pdf,3,
175,¿Qué precio tiene el router industrial LAN-to-LAN ICR-2701 SL v2i en los repuestos de la BR 449_IP lower center cover+glove box_LHD_EDGE_TOOL_1+0_1+0?,factual tabla,"LAN-to-LAN Router ICR-2701 SL v2i … 529,80 € ",1005803 01 Lista de piezas de recambio.pdf,Back Up HD CEFA\Celulas-Esac Grandes\CEL13-CELULA VAN.EA\Edge Folding Machine\1005803 Edge-folding tool DAG BR 449\Español\04 Piezas de recambio\1005803 01 Lista de piezas de recambio.pdf,3,
176,¿Qué regla se establece sobre la validez de los precios en la lista de repuestos?,regla,Price validity: up to 3 months after issue ,1005803 01 Lista de piezas de recambio.pdf,Back Up HD CEFA\Celulas-Esac Grandes\CEL13-CELULA VAN.EA\Edge Folding Machine\1005803 Edge-folding tool DAG BR 449\Español\04 Piezas de recambio\1005803 01 Lista de piezas de recambio.pdf,2,
177,¿Qué estándar eléctrico principal se menciona para el sistema BR 449_IP lower center cover+glove box_LHD_EDGE_TOOL_1+0_1+0?,factual,Standard IEC 61439-2 ,1005803 01 Plano eléctrico.pdf,Back Up HD CEFA\Celulas-Esac Grandes\CEL13-CELULA VAN.EA\Edge Folding Machine\1005803 Edge-folding tool DAG BR 449\Español\05 Eléctrico\1005803 01 Plano eléctrico.pdf,9,
178,¿Cuál es la tensión auxiliar utilizada en los circuitos auxiliares del sistema?,factual tabla,Vaux = 24VDC ,1005803 01 Plano eléctrico.pdf,Back Up HD CEFA\Celulas-Esac Grandes\CEL13-CELULA VAN.EA\Edge Folding Machine\1005803 Edge-folding tool DAG BR 449\Español\05 Eléctrico\1005803 01 Plano eléctrico.pdf,9,
179,¿Qué color de cable se utiliza para el conductor de protección según las normas de cableado?,factual tabla,Protective wire green-yellow (GNYE) ,1005803 01 Plano eléctrico.pdf,Back Up HD CEFA\Celulas-Esac Grandes\CEL13-CELULA VAN.EA\Edge Folding Machine\1005803 Edge-folding tool DAG BR 449\Español\05 Eléctrico\1005803 01 Plano eléctrico.pdf,10,
180,¿Qué regla se establece sobre el dimensionado del cable de conexión del sistema?,regla,Cable dimensioning of the connecting cable must be carried out by the operator of the system. ,1005803 01 Plano eléctrico.pdf,Back Up HD CEFA\Celulas-Esac Grandes\CEL13-CELULA VAN.EA\Edge Folding Machine\1005803 Edge-folding tool DAG BR 449\Español\05 Eléctrico\1005803 01 Plano eléctrico.pdf,9,
181,¿Cuál es el propósito del diploma de capacitación relacionado con las instalaciones de 3CON?,factual,Diploma de capacitación para el uso de instalaciones + herramientas de 3CON ,1005803 01 Diploma de capacitación.pdf,Back Up HD CEFA\Celulas-Esac Grandes\CEL13-CELULA VAN.EA\Edge Folding Machine\1005803 Edge-folding tool DAG BR 449\Español\06 Formación\1005803 01 Diploma de capacitación.pdf,1,
182,¿Qué procedimiento administrativo debe completarse tras la formación según el diploma?,procedimiento,(Lugar/fecha) Nombre Firma Instructor Participante 1 Participante 2 Participante 3 Participante 4 Participante 5 Participante 6 Participante 7 Participante 8 Participante 9 Participante 10 ,1005803 01 Diploma de capacitación.pdf,Back Up HD CEFA\Celulas-Esac Grandes\CEL13-CELULA VAN.EA\Edge Folding Machine\1005803 Edge-folding tool DAG BR 449\Español\06 Formación\1005803 01 Diploma de capacitación.pdf,1,
183,¿Qué temas de seguridad se incluyen en la formación del diploma?,factual tabla,"Dispositivos de seguridad; Prueba SITEMA; Caja del pulsador incl. botón de PARADA DE EMERGENCIA; Pasos a seguir tras una PARADA DE EMERGENCIA, un fallo eléctrico o del aire comprimido ",1005803 01 Diploma de capacitación.pdf,Back Up HD CEFA\Celulas-Esac Grandes\CEL13-CELULA VAN.EA\Edge Folding Machine\1005803 Edge-folding tool DAG BR 449\Español\06 Formación\1005803 01 Diploma de capacitación.pdf,1,
184,¿Qué requisito de documentación se establece tras completar la formación?,regla,"Deben registrarse lugar/fecha, nombre y firma del instructor y de los participantes. ",1005803 01 Diploma de capacitación.pdf,Back Up HD CEFA\Celulas-Esac Grandes\CEL13-CELULA VAN.EA\Edge Folding Machine\1005803 Edge-folding tool DAG BR 449\Español\06 Formación\1005803 01 Diploma de capacitación.pdf,1,
185,¿Qué advertencia general debe leerse antes de realizar cualquier tarea de mantenimiento en la instalación del proyecto 1005811?,regla,"¡Antes de llevar a cabo ninguna tarea de mantenimiento, lea atentamente los datos de los puntos de mantenimiento! ",1005811 01 Plan de mantenimiento.pdf,Back Up HD CEFA\Celulas-Esac Grandes\CEL13-CELULA VAN.EA\IR Welding Machine\1005811 Welding tool DAG BR 449\Español\03 Mantenimiento\1005811 01 Plan de mantenimiento.pdf,3,
186,¿Qué procedimiento debe seguirse para asegurar la instalación frente a la reconexión durante el mantenimiento del proyecto 1005811?,procedimiento,Señalice y cierre la instalación; coloque advertencia en el interruptor principal; interrumpa el circuito de seguridad; cierre y despresurice la conexión de aire comprimido. ,1005811 01 Plan de mantenimiento.pdf,Back Up HD CEFA\Celulas-Esac Grandes\CEL13-CELULA VAN.EA\IR Welding Machine\1005811 Welding tool DAG BR 449\Español\03 Mantenimiento\1005811 01 Plan de mantenimiento.pdf,5,
187,¿Cuál es el intervalo de mantenimiento para comprobar si las uniones atornilladas presentan aflojamiento o daños en el proyecto 1005811?,factual tabla,1 vez a la semana o después de 160 horas de servicio ,1005811 01 Plan de mantenimiento.pdf,Back Up HD CEFA\Celulas-Esac Grandes\CEL13-CELULA VAN.EA\IR Welding Machine\1005811 Welding tool DAG BR 449\Español\03 Mantenimiento\1005811 01 Plan de mantenimiento.pdf,9,
188,¿Qué par de apriete corresponde a un tornillo M16 en el proyecto 1005811?,factual tabla,M16 = 195 Nm ,1005811 01 Plan de mantenimiento.pdf,Back Up HD CEFA\Celulas-Esac Grandes\CEL13-CELULA VAN.EA\IR Welding Machine\1005811 Welding tool DAG BR 449\Español\03 Mantenimiento\1005811 01 Plan de mantenimiento.pdf,10,
189,¿Cuál es el valor total del equipo indicado en la lista de repuestos del proyecto 1005811?,factual,"Total Equipment value = 2.730.000,00 € ",1005811 01 Lista de piezas de recambio.pdf,Back Up HD CEFA\Celulas-Esac Grandes\CEL13-CELULA VAN.EA\IR Welding Machine\1005811 Welding tool DAG BR 449\Español\04 Piezas de recambio\1005811 01 Lista de piezas de recambio.pdf,1,
190,¿Qué fabricante suministra el módulo de entrada analógica SIMATIC ET 200SP (6ES7134-6JD00-0CA1) del proyecto 1005811?,factual tabla,Siemens 6ES7134-6JD00-0CA1 ,1005811 01 Lista de piezas de recambio.pdf,Back Up HD CEFA\Celulas-Esac Grandes\CEL13-CELULA VAN.EA\IR Welding Machine\1005811 Welding tool DAG BR 449\Español\04 Piezas de recambio\1005811 01 Lista de piezas de recambio.pdf,2,
191,¿Qué precio tiene el router industrial LAN-to-LAN ICR-2701 SL v2i en la lista de repuestos del proyecto 1005811?,factual tabla,"LAN-to-LAN Router ICR-2701 SL v2i … 529,80 € ",1005811 01 Lista de piezas de recambio.pdf,Back Up HD CEFA\Celulas-Esac Grandes\CEL13-CELULA VAN.EA\IR Welding Machine\1005811 Welding tool DAG BR 449\Español\04 Piezas de recambio\1005811 01 Lista de piezas de recambio.pdf,4,
192,¿Qué regla se establece sobre la validez de los precios en la lista de repuestos?,regla,Price validity: up to 3 months after issue ,1005811 01 Lista de piezas de recambio.pdf,Back Up HD CEFA\Celulas-Esac Grandes\CEL13-CELULA VAN.EA\IR Welding Machine\1005811 Welding tool DAG BR 449\Español\04 Piezas de recambio\1005811 01 Lista de piezas de recambio.pdf,2,
193,¿Qué estándar eléctrico principal se aplica al sistema del proyecto BR 449_glove box_LHD/RHD_WELD_TOOL_1+1?,factual,Standard IEC 61439-2 ,1005811 01 Plano eléctrico.pdf,Back Up HD CEFA\Celulas-Esac Grandes\CEL13-CELULA VAN.EA\IR Welding Machine\1005811 Welding tool DAG BR 449\Español\05 Eléctrico\1005811 01 Plano eléctrico.pdf,10,
194,¿Cuál es la tensión auxiliar utilizada en los circuitos auxiliares del sistema?,factual tabla,Vaux = 24VDC ,1005811 01 Plano eléctrico.pdf,Back Up HD CEFA\Celulas-Esac Grandes\CEL13-CELULA VAN.EA\IR Welding Machine\1005811 Welding tool DAG BR 449\Español\05 Eléctrico\1005811 01 Plano eléctrico.pdf,10,
195,¿Qué color de cable se utiliza para el conductor de protección según las normas de cableado?,factual tabla,Protective wire: green-yellow (GNYE) ,1005811 01 Plano eléctrico.pdf,Back Up HD CEFA\Celulas-Esac Grandes\CEL13-CELULA VAN.EA\IR Welding Machine\1005811 Welding tool DAG BR 449\Español\05 Eléctrico\1005811 01 Plano eléctrico.pdf,11,
196,¿Qué regla se establece sobre el dimensionado del cable de conexión del sistema?,regla,Cable dimensioning of the connecting cable must be carried out by the operator of the system. ,1005811 01 Plano eléctrico.pdf,Back Up HD CEFA\Celulas-Esac Grandes\CEL13-CELULA VAN.EA\IR Welding Machine\1005811 Welding tool DAG BR 449\Español\05 Eléctrico\1005811 01 Plano eléctrico.pdf,10,
197,¿Cuál es el propósito del diploma de capacitación relacionado con las instalaciones de 3CON del proyecto 1005811?,factual,Diploma de capacitación para el uso de instalaciones + herramientas de 3CON ,1005811 01 Diploma de capacitación.pdf,Back Up HD CEFA\Celulas-Esac Grandes\CEL13-CELULA VAN.EA\IR Welding Machine\1005811 Welding tool DAG BR 449\Español\06 Formación\1005811 01 Diploma de capacitación.pdf,1,
198,¿Qué procedimiento administrativo debe completarse tras la formación según el diploma?,procedimiento,(Lugar/fecha) Nombre Firma Instructor Participante 1 Participante 2 Participante 3 Participante 4 Participante 5 Participante 6 Participante 7 Participante 8 Participante 9 Participante 10 ,1005811 01 Diploma de capacitación.pdf,Back Up HD CEFA\Celulas-Esac Grandes\CEL13-CELULA VAN.EA\IR Welding Machine\1005811 Welding tool DAG BR 449\Español\06 Formación\1005811 01 Diploma de capacitación.pdf,1,
199,¿Qué temas de seguridad se incluyen en la formación según el diploma?,factual tabla,"Dispositivos de seguridad; Prueba SITEMA; Tratamiento de aire comprimido; Armario de distribución; Caja del pulsador incl. botón de PARADA DE EMERGENCIA; Panel táctil; Pasos a seguir tras una PARADA DE EMERGENCIA, un fallo eléctrico o del aire comprimido ",1005811 01 Diploma de capacitación.pdf,Back Up HD CEFA\Celulas-Esac Grandes\CEL13-CELULA VAN.EA\IR Welding Machine\1005811 Welding tool DAG BR 449\Español\06 Formación\1005811 01 Diploma de capacitación.pdf,1,
200,¿Qué requisito de documentación se establece tras completar la formación?,regla,"Deben registrarse lugar/fecha, nombre y firma del instructor y de los participantes. ",1005811 01 Diploma de capacitación.pdf,Back Up HD CEFA\Celulas-Esac Grandes\CEL13-CELULA VAN.EA\IR Welding Machine\1005811 Welding tool DAG BR 449\Español\06 Formación\1005811 01 Diploma de capacitación.pdf,1,
201,¿Qué funciones muestra el resumen del control general del panel táctil de la instalación?,factual,Muestra los botones para el control de la instalación; muestra el menú de navegación; muestra los submenús del menú de navegación; muestra el estado del proceso de la instalación. ,1005796 02 Panel táctil.pdf,Back Up HD CEFA\Celulas-Esac Grandes\CEL13-CELULA VAN.EA\Lamination Machine\1005796 MTP Machine DAG BR 449\Español\02 Manejo\1005796 02 Panel táctil.pdf,3,
202,¿Qué procedimiento debe seguirse para iniciar sesión de usuario y modificar parámetros en el panel táctil?,procedimiento,"Para ejecutar funciones manuales o modificar parámetros debe iniciarse sesión; para ello, su cuenta de usuario debe disponer de las habilitaciones necesarias. ",1005796 02 Panel táctil.pdf,Back Up HD CEFA\Celulas-Esac Grandes\CEL13-CELULA VAN.EA\Lamination Machine\1005796 MTP Machine DAG BR 449\Español\02 Manejo\1005796 02 Panel táctil.pdf,5,
203,¿Qué permisos tiene el rol Ingeniero en la gestión de usuarios del panel táctil?,factual tabla,Ingeniero: puede modificar parámetros y ejecutar movimientos manuales. ,1005796 02 Panel táctil.pdf,Back Up HD CEFA\Celulas-Esac Grandes\CEL13-CELULA VAN.EA\Lamination Machine\1005796 MTP Machine DAG BR 449\Español\02 Manejo\1005796 02 Panel táctil.pdf,17,
204,¿Qué advertencia se indica respecto a la desactivación de las unidades de vigilancia del sistema?,regla,Las funciones del sistema y los dispositivos de vigilancia deben desactivarse únicamente en casos absolutamente excepcionales. ,1005796 02 Panel táctil.pdf,Back Up HD CEFA\Celulas-Esac Grandes\CEL13-CELULA VAN.EA\Lamination Machine\1005796 MTP Machine DAG BR 449\Español\02 Manejo\1005796 02 Panel táctil.pdf,16,
205,¿Cuál es el valor total del equipo indicado en la lista de repuestos del producto BR 449_IP_VAC+ESL_MTP_250-50_with vacuum kit?,factual,"Total Equipment value = 2.730.000,00 € ",1005796 01 Lista de piezas de recambio.pdf,Back Up HD CEFA\Celulas-Esac Grandes\CEL13-CELULA VAN.EA\Lamination Machine\1005796 MTP Machine DAG BR 449\Español\04 Piezas de recambio\1005796 01 Lista de piezas de recambio.pdf,1,
206,¿Qué fabricante suministra el módulo de entrada analógica SIMATIC ET 200SP (6ES7134-6JD00-0CA1) del producto BR 449_IP_VAC+ESL_MTP_250-50_with vacuum kit?,factual tabla,Siemens 6ES7134-6JD00-0CA1 ,1005796 01 Lista de piezas de recambio.pdf,Back Up HD CEFA\Celulas-Esac Grandes\CEL13-CELULA VAN.EA\Lamination Machine\1005796 MTP Machine DAG BR 449\Español\04 Piezas de recambio\1005796 01 Lista de piezas de recambio.pdf,2,
207,¿Qué precio tiene el router industrial LAN-to-LAN ICR-2701 SL v2i en los repuestos del producto BR 449_IP_VAC+ESL_MTP_250-50_with vacuum kit?,factual tabla,"LAN-to-LAN Router ICR-2701 SL v2i … 529,80 € ",1005796 01 Lista de piezas de recambio.pdf,Back Up HD CEFA\Celulas-Esac Grandes\CEL13-CELULA VAN.EA\Lamination Machine\1005796 MTP Machine DAG BR 449\Español\04 Piezas de recambio\1005796 01 Lista de piezas de recambio.pdf,3,
208,¿Qué regla se establece sobre la validez de los precios en la lista de repuestos?,regla,Price validity: up to 3 months after issue ,1005796 01 Lista de piezas de recambio.pdf,Back Up HD CEFA\Celulas-Esac Grandes\CEL13-CELULA VAN.EA\Lamination Machine\1005796 MTP Machine DAG BR 449\Español\04 Piezas de recambio\1005796 01 Lista de piezas de recambio.pdf,2,